Start testing: Oct 10 00:20 AUS Eastern Daylight Time
----------------------------------------------------------
1/71 Testing: frontend.product_export
1/71 Test: frontend.product_export
Command: "D:/Projects/DiskEd/disked/.aide-local/venv/Scripts/python.exe" "D:/Projects/DiskEd/disked/.aide-local/goal-0.1.0/clean-image-observation-992b2d0a/tests/frontend/test_product_export.py" "--product" "D:/Projects/DiskEd/disked/.aide-local/goal-0.1.0/clean-image-observation-992b2d0a/build/windows-bootstrap/Release/disked.exe" "--fault" "D:/Projects/DiskEd/disked/.aide-local/goal-0.1.0/clean-image-observation-992b2d0a/build/windows-bootstrap/Release/disked_report_test.exe" "--root" "D:/Projects/DiskEd/disked/.aide-local/goal-0.1.0/clean-image-observation-992b2d0a"
Directory: D:/Projects/DiskEd/disked/.aide-local/goal-0.1.0/clean-image-observation-992b2d0a/build/windows-bootstrap
"frontend.product_export" start time: Oct 10 00:20 AUS Eastern Daylight Time
Output:
----------------------------------------------------------
{"passed": true, "checks": 111, "verified_outputs": [{"frontend": "cli", "operation_id": "report-op:3dfd9d0a790bde01a9f5feab46340c75", "bytes": "790", "sha256": "sha256:3b0da3dc51b78a8170ff98f71d82ffbeaf010eeda06d6bef17fcbc002361d5d2", "definition_digest": "sha256:2d3bd130e69548443e376f85f9145f71e23a31ba4c4a0a51afea03b9e02048ad"}, {"frontend": "stdio", "operation_id": "report-op:92f2778bf5fbe4e0420e2ee6f0571a5d", "bytes": "790", "sha256": "sha256:3b0da3dc51b78a8170ff98f71d82ffbeaf010eeda06d6bef17fcbc002361d5d2", "definition_digest": "sha256:6a998c7e11ed4aa88b2268f1be39b3c37616a09ada6df3fe9066fc40236320c7"}, {"frontend": "gui", "operation_id": "report-op:b7b7bf12b4ce0706907089192d1a557f", "bytes": "790", "sha256": "sha256:3b0da3dc51b78a8170ff98f71d82ffbeaf010eeda06d6bef17fcbc002361d5d2", "definition_digest": "sha256:5892397238e3879425bb1dd334fd210302fc4c62231cdf649adf30de1fd8dee8"}, {"frontend": "tui", "operation_id": "report-op:bbecca0cd650bb5a125a8029807b0198", "bytes": "790", "sha256": "sha256:3b0da3dc51b78a8170ff98f71d82ffbeaf010eeda06d6bef17fcbc002361d5d2", "definition_digest": "sha256:50565b7cc1caa3c197125e11c739e2952d0e02eb425d6ffdaff7cdf3bdab7bf9"}, {"frontend": "shell", "operation_id": "report-op:754db71804c5e4a582f202a66369e357", "bytes": "790", "sha256": "sha256:3b0da3dc51b78a8170ff98f71d82ffbeaf010eeda06d6bef17fcbc002361d5d2", "definition_digest": "sha256:9aba9ec9f9d62069d3ea5a5d6154f7605b6899273aaf169d435506eb556eeedf"}, {"frontend": "stdio-private-timeout", "operation_id": "report-op:339c1a84decc48678005188bfb3ed16f", "bytes": "790", "sha256": "sha256:3b0da3dc51b78a8170ff98f71d82ffbeaf010eeda06d6bef17fcbc002361d5d2", "definition_digest": "sha256:da351b1220f52710846109b59d5fe6da5f0200a3968a508b7bdbed53ace5d964"}], "scope": "Actual native ordinary-file product CLI/stdio/GUI/TUI/shell prepare/execute/watch plus private occupied callback gate; no broader storage/custody qualification", "source_revision": "992b2d0a95e9e61e39395250d66ff4ec8adeb18c", "source_dirty": false}
<end of output>
Test time =  12.48 sec
----------------------------------------------------------
Test Passed.
"frontend.product_export" end time: Oct 10 00:20 AUS Eastern Daylight Time
"frontend.product_export" time elapsed: 00:00:12
----------------------------------------------------------

2/71 Testing: frontend.gui_capture
2/71 Test: frontend.gui_capture
Command: "D:/Projects/DiskEd/disked/.aide-local/venv/Scripts/python.exe" "D:/Projects/DiskEd/disked/.aide-local/goal-0.1.0/clean-image-observation-992b2d0a/tests/frontend/test_gui_capture.py" "--product" "D:/Projects/DiskEd/disked/.aide-local/goal-0.1.0/clean-image-observation-992b2d0a/build/windows-bootstrap/Release/disked.exe" "--root" "D:/Projects/DiskEd/disked/.aide-local/goal-0.1.0/clean-image-observation-992b2d0a"
Directory: D:/Projects/DiskEd/disked/.aide-local/goal-0.1.0/clean-image-observation-992b2d0a/build/windows-bootstrap
"frontend.gui_capture" start time: Oct 10 00:20 AUS Eastern Daylight Time
Output:
----------------------------------------------------------
{"passed": true, "checks": 24, "source_revision": "992b2d0a95e9e61e39395250d66ff4ec8adeb18c", "source_dirty": false, "executable_sha256": "sha256:2800abf7084b860eed5f2e7e562f647c902703acdb775e679d31374223ea9725", "scope": "Actual owned Windows inventory/review/minimum captures, retained frame-only regression and DIB alpha guard; no layout/accessibility/text-recognition/storage qualification"}
<end of output>
Test time =   0.83 sec
----------------------------------------------------------
Test Passed.
"frontend.gui_capture" end time: Oct 10 00:20 AUS Eastern Daylight Time
"frontend.gui_capture" time elapsed: 00:00:00
----------------------------------------------------------

3/71 Testing: evidence.report_process_identity
3/71 Test: evidence.report_process_identity
Command: "D:/Projects/DiskEd/disked/.aide-local/venv/Scripts/python.exe" "D:/Projects/DiskEd/disked/.aide-local/goal-0.1.0/clean-image-observation-992b2d0a/tests/evidence/test_report_process.py"
Directory: D:/Projects/DiskEd/disked/.aide-local/goal-0.1.0/clean-image-observation-992b2d0a/build/windows-bootstrap
"evidence.report_process_identity" start time: Oct 10 00:20 AUS Eastern Daylight Time
Output:
----------------------------------------------------------
{"passed": true, "checks": 7, "scope": "Four real owned Python children, exact creation identity, actual exit and scoped image-lookup API faults; no report effect, physical or privilege qualification"}
<end of output>
Test time =   3.29 sec
----------------------------------------------------------
Test Passed.
"evidence.report_process_identity" end time: Oct 10 00:20 AUS Eastern Daylight Time
"evidence.report_process_identity" time elapsed: 00:00:03
----------------------------------------------------------

4/71 Testing: operation.directory_pins
4/71 Test: operation.directory_pins
Command: "D:/Projects/DiskEd/disked/.aide-local/venv/Scripts/python.exe" "D:/Projects/DiskEd/disked/.aide-local/goal-0.1.0/clean-image-observation-992b2d0a/tests/operation/test_worker_directory.py" "--probe" "D:/Projects/DiskEd/disked/.aide-local/goal-0.1.0/clean-image-observation-992b2d0a/build/windows-bootstrap/Release/worker_directory_probe.exe" "--root" "D:/Projects/DiskEd/disked/.aide-local/goal-0.1.0/clean-image-observation-992b2d0a"
Directory: D:/Projects/DiskEd/disked/.aide-local/goal-0.1.0/clean-image-observation-992b2d0a/build/windows-bootstrap
"operation.directory_pins" start time: Oct 10 00:20 AUS Eastern Daylight Time
Output:
----------------------------------------------------------
{"name": "directory", "pid": 17968, "alive_observed": true, "terminal_observed": true, "exit_code": 0, "renamed": false, "rename_platform_code": 32, "original_directory_id": "1688849860661645", "output_directory_id": "1688849860661645", "old_directory_has_output": null, "output_sha256": "sha256:61fe4f6879d23ee4cb6ffa735c8ab80ecdf6fe8d166c44b7a0c9bd37dd281f1e", "response_sha256": "sha256:6be5550c7378eed744a125cb53914297be5353870a0008b70c1b0e394c2fd0a0", "response": {"directory_id": "460189795:1688849860661645", "held_directory_path": "\\\\?\\D:\\Projects\\DiskEd\\disked\\.aide-local\\goal-0.1.0\\clean-image-observation-992b2d0a\\.aide-local\\worker-directory-hxec29d4\\directory\\parent\\state", "output_path": "\\\\?\\D:\\Projects\\DiskEd\\disked\\.aide-local\\goal-0.1.0\\clean-image-observation-992b2d0a\\.aide-local\\worker-directory-hxec29d4\\directory\\parent\\state\\fixture.records", "status": "completed"}}
{"name": "ancestor", "pid": 40520, "alive_observed": true, "terminal_observed": true, "exit_code": 0, "renamed": false, "rename_platform_code": 32, "original_directory_id": "8444249301717393", "output_directory_id": "8444249301717393", "old_directory_has_output": null, "output_sha256": "sha256:61fe4f6879d23ee4cb6ffa735c8ab80ecdf6fe8d166c44b7a0c9bd37dd281f1e", "response_sha256": "sha256:200dd46ffd83ab70d57decd4ce6c9243dd918d409690842cf6010ae95db48e97", "response": {"directory_id": "460189795:8444249301717393", "held_directory_path": "\\\\?\\D:\\Projects\\DiskEd\\disked\\.aide-local\\goal-0.1.0\\clean-image-observation-992b2d0a\\.aide-local\\worker-directory-hxec29d4\\ancestor\\parent\\state", "output_path": "\\\\?\\D:\\Projects\\DiskEd\\disked\\.aide-local\\goal-0.1.0\\clean-image-observation-992b2d0a\\.aide-local\\worker-directory-hxec29d4\\ancestor\\parent\\state\\fixture.records", "status": "completed"}}
{"passed": true, "cases": 5, "mode": "fixed-helper-contract"}
<end of output>
Test time =   0.35 sec
----------------------------------------------------------
Test Passed.
"operation.directory_pins" end time: Oct 10 00:20 AUS Eastern Daylight Time
"operation.directory_pins" time elapsed: 00:00:00
----------------------------------------------------------

5/71 Testing: evidence.acquisition_export
5/71 Test: evidence.acquisition_export
Command: "D:/Projects/DiskEd/disked/.aide-local/venv/Scripts/python.exe" "D:/Projects/DiskEd/disked/.aide-local/goal-0.1.0/clean-image-observation-992b2d0a/tests/evidence/test_acquisition_export.py" "--probe" "D:/Projects/DiskEd/disked/.aide-local/goal-0.1.0/clean-image-observation-992b2d0a/build/windows-bootstrap/Release/acquisition_export_probe.exe" "--fault" "D:/Projects/DiskEd/disked/.aide-local/goal-0.1.0/clean-image-observation-992b2d0a/build/windows-bootstrap/Release/acquisition_export_fault.exe" "--product" "D:/Projects/DiskEd/disked/.aide-local/goal-0.1.0/clean-image-observation-992b2d0a/build/windows-bootstrap/Release/disked.exe" "--root" "D:/Projects/DiskEd/disked/.aide-local/goal-0.1.0/clean-image-observation-992b2d0a"
Directory: D:/Projects/DiskEd/disked/.aide-local/goal-0.1.0/clean-image-observation-992b2d0a/build/windows-bootstrap
"evidence.acquisition_export" start time: Oct 10 00:20 AUS Eastern Daylight Time
Output:
----------------------------------------------------------
PASS joint acquisition export: 116 checks; 1 actual verified acquisition; 3 actual completed/retained outputs
<end of output>
Test time =   2.87 sec
----------------------------------------------------------
Test Passed.
"evidence.acquisition_export" end time: Oct 10 00:20 AUS Eastern Daylight Time
"evidence.acquisition_export" time elapsed: 00:00:02
----------------------------------------------------------

6/71 Testing: evidence.report_worker
6/71 Test: evidence.report_worker
Command: "D:/Projects/DiskEd/disked/.aide-local/venv/Scripts/python.exe" "D:/Projects/DiskEd/disked/.aide-local/goal-0.1.0/clean-image-observation-992b2d0a/tests/evidence/test_report_worker.py" "--probe" "D:/Projects/DiskEd/disked/.aide-local/goal-0.1.0/clean-image-observation-992b2d0a/build/windows-bootstrap/Release/report_worker_probe.exe" "--fault" "D:/Projects/DiskEd/disked/.aide-local/goal-0.1.0/clean-image-observation-992b2d0a/build/windows-bootstrap/Release/report_worker_fault.exe" "--product" "D:/Projects/DiskEd/disked/.aide-local/goal-0.1.0/clean-image-observation-992b2d0a/build/windows-bootstrap/Release/disked.exe" "--root" "D:/Projects/DiskEd/disked/.aide-local/goal-0.1.0/clean-image-observation-992b2d0a"
Directory: D:/Projects/DiskEd/disked/.aide-local/goal-0.1.0/clean-image-observation-992b2d0a/build/windows-bootstrap
"evidence.report_worker" start time: Oct 10 00:20 AUS Eastern Daylight Time
Output:
----------------------------------------------------------
{
  "status": "PASS",
  "scope": "Private native report admission/owned durable state and independent generated-file checks; not public service/frontend or physical/power-loss qualification",
  "checks": 178,
  "outputs": [
    {
      "bytes": "790",
      "sha256": "sha256:952c9d7d2374f72997c31a7d8f02fd7b07bc2c719434d401af2f48315321f638",
      "status": "completed"
    },
    {
      "bytes": "790",
      "sha256": "sha256:952c9d7d2374f72997c31a7d8f02fd7b07bc2c719434d401af2f48315321f638",
      "status": "completed"
    },
    {
      "bytes": "0",
      "sha256": "sha256:e3b0c44298fc1c149afbf4c8996fb92427ae41e4649b934ca495991b7852b855",
      "status": "cancelled"
    },
    {
      "bytes": "790",
      "sha256": "sha256:952c9d7d2374f72997c31a7d8f02fd7b07bc2c719434d401af2f48315321f638",
      "status": "completed"
    }
  ]
}
<end of output>
Test time =  19.77 sec
----------------------------------------------------------
Test Passed.
"evidence.report_worker" end time: Oct 10 00:21 AUS Eastern Daylight Time
"evidence.report_worker" time elapsed: 00:00:19
----------------------------------------------------------

7/71 Testing: evidence.export_commands
7/71 Test: evidence.export_commands
Command: "D:/Projects/DiskEd/disked/.aide-local/venv/Scripts/python.exe" "D:/Projects/DiskEd/disked/.aide-local/goal-0.1.0/clean-image-observation-992b2d0a/tests/evidence/test_export_commands.py" "--probe" "D:/Projects/DiskEd/disked/.aide-local/goal-0.1.0/clean-image-observation-992b2d0a/build/windows-bootstrap/Release/export_command_probe.exe" "--fault" "D:/Projects/DiskEd/disked/.aide-local/goal-0.1.0/clean-image-observation-992b2d0a/build/windows-bootstrap/Release/export_command_fault.exe" "--product" "D:/Projects/DiskEd/disked/.aide-local/goal-0.1.0/clean-image-observation-992b2d0a/build/windows-bootstrap/Release/disked.exe" "--root" "D:/Projects/DiskEd/disked/.aide-local/goal-0.1.0/clean-image-observation-992b2d0a"
Directory: D:/Projects/DiskEd/disked/.aide-local/goal-0.1.0/clean-image-observation-992b2d0a/build/windows-bootstrap
"evidence.export_commands" start time: Oct 10 00:21 AUS Eastern Daylight Time
Output:
----------------------------------------------------------
{"checks": 189, "verified_outputs": [{"bytes": "790", "sha256": "sha256:3b0da3dc51b78a8170ff98f71d82ffbeaf010eeda06d6bef17fcbc002361d5d2", "operation_id": "report-op:2d72f41c44ab55f15c8959676fa0e239", "definition_digest": "sha256:a1781abafedf91cd5cc237c9bcbffebbf3da2ad7c436f57dc9734da99daebc99"}, {"name": "lost-terminal", "bytes": "790", "sha256": "sha256:3b0da3dc51b78a8170ff98f71d82ffbeaf010eeda06d6bef17fcbc002361d5d2", "operation_id": "report-op:25b11ed93b2e30f522a29e611a7687f6", "definition_digest": "sha256:e51e2401c5ec5b93b047615905adf1866c9511a35bd24eda57eaa2a61633fcdd"}], "scope": "Private shared-service parser/request/form and ordinary native output; actual product frontend export journeys have separate tests", "source_revision": "992b2d0a95e9e61e39395250d66ff4ec8adeb18c", "source_dirty": false}
<end of output>
Test time =   8.65 sec
----------------------------------------------------------
Test Passed.
"evidence.export_commands" end time: Oct 10 00:21 AUS Eastern Daylight Time
"evidence.export_commands" time elapsed: 00:00:08
----------------------------------------------------------

8/71 Testing: evidence.report_watch
8/71 Test: evidence.report_watch
Command: "D:/Projects/DiskEd/disked/.aide-local/venv/Scripts/python.exe" "D:/Projects/DiskEd/disked/.aide-local/goal-0.1.0/clean-image-observation-992b2d0a/tests/evidence/test_report_watch.py" "--probe" "D:/Projects/DiskEd/disked/.aide-local/goal-0.1.0/clean-image-observation-992b2d0a/build/windows-bootstrap/Release/export_command_probe.exe" "--fault" "D:/Projects/DiskEd/disked/.aide-local/goal-0.1.0/clean-image-observation-992b2d0a/build/windows-bootstrap/Release/export_command_fault.exe" "--product" "D:/Projects/DiskEd/disked/.aide-local/goal-0.1.0/clean-image-observation-992b2d0a/build/windows-bootstrap/Release/disked.exe" "--root" "D:/Projects/DiskEd/disked/.aide-local/goal-0.1.0/clean-image-observation-992b2d0a"
Directory: D:/Projects/DiskEd/disked/.aide-local/goal-0.1.0/clean-image-observation-992b2d0a/build/windows-bootstrap
"evidence.report_watch" start time: Oct 10 00:21 AUS Eastern Daylight Time
Output:
----------------------------------------------------------
{"checks": 299, "verified_outputs": [{"name": "complete", "operation_id": "report-op:69c2028584524c3e36ad9ea9caeac083", "definition_digest": "sha256:308421b733c4cfa6a0ca96b4c373a705696ca1d831a1c4f76e1c7eebe07b1294", "bytes": "790", "sha256": "sha256:3b0da3dc51b78a8170ff98f71d82ffbeaf010eeda06d6bef17fcbc002361d5d2"}, {"name": "delayed-admission", "operation_id": "report-op:ef54066afbb22c444936a95fa838007a", "definition_digest": "sha256:96ddb5078dfd843b1e0e68bcb39cdaf65fbbd26792207450cc607462908ef2f6", "bytes": "790", "sha256": "sha256:3b0da3dc51b78a8170ff98f71d82ffbeaf010eeda06d6bef17fcbc002361d5d2"}, {"name": "observer-survives", "operation_id": "report-op:17f1d4a6ff26d41eee5f71e555897424", "definition_digest": "sha256:6e28f6aad692f839011746f57fc72f4529bf60b6c433aa7e10aa62a45c41951c", "bytes": "790", "sha256": "sha256:3b0da3dc51b78a8170ff98f71d82ffbeaf010eeda06d6bef17fcbc002361d5d2"}, {"name": "lost-terminal", "operation_id": "report-op:063193dc44600e9f845b9319825881af", "definition_digest": "sha256:e3591bd4115c881637d3381087ac757313cf6c707df05601b4586d04a6542a74", "bytes": "790", "sha256": "sha256:3b0da3dc51b78a8170ff98f71d82ffbeaf010eeda06d6bef17fcbc002361d5d2"}], "scope": "Private native report watch/request/parser and pure altered reader/queue contracts; compatible product observation does not regrant private writer authority", "source_revision": "992b2d0a95e9e61e39395250d66ff4ec8adeb18c", "source_dirty": false}
<end of output>
Test time =  19.42 sec
----------------------------------------------------------
Test Passed.
"evidence.report_watch" end time: Oct 10 00:21 AUS Eastern Daylight Time
"evidence.report_watch" time elapsed: 00:00:19
----------------------------------------------------------

9/71 Testing: evidence.acquisition_case
9/71 Test: evidence.acquisition_case
Command: "D:/Projects/DiskEd/disked/.aide-local/venv/Scripts/python.exe" "D:/Projects/DiskEd/disked/.aide-local/goal-0.1.0/clean-image-observation-992b2d0a/tests/evidence/test_acquisition_case.py" "--probe" "D:/Projects/DiskEd/disked/.aide-local/goal-0.1.0/clean-image-observation-992b2d0a/build/windows-bootstrap/Release/acquisition_case_probe.exe" "--product" "D:/Projects/DiskEd/disked/.aide-local/goal-0.1.0/clean-image-observation-992b2d0a/build/windows-bootstrap/Release/disked.exe" "--worker-fault" "D:/Projects/DiskEd/disked/.aide-local/goal-0.1.0/clean-image-observation-992b2d0a/build/windows-bootstrap/Release/acquisition_worker_fault.exe" "--root" "D:/Projects/DiskEd/disked/.aide-local/goal-0.1.0/clean-image-observation-992b2d0a"
Directory: D:/Projects/DiskEd/disked/.aide-local/goal-0.1.0/clean-image-observation-992b2d0a/build/windows-bootstrap
"evidence.acquisition_case" start time: Oct 10 00:21 AUS Eastern Daylight Time
Output:
----------------------------------------------------------
PASS acquisition case: 153 checks; 2 actual byte/map-verified acquisitions
<end of output>
Test time =   7.81 sec
----------------------------------------------------------
Test Passed.
"evidence.acquisition_case" end time: Oct 10 00:21 AUS Eastern Daylight Time
"evidence.acquisition_case" time elapsed: 00:00:07
----------------------------------------------------------

10/71 Testing: evidence.export_model
10/71 Test: evidence.export_model
Command: "D:/Projects/DiskEd/disked/.aide-local/venv/Scripts/python.exe" "D:/Projects/DiskEd/disked/.aide-local/goal-0.1.0/clean-image-observation-992b2d0a/tests/evidence/test_export.py" "--probe" "D:/Projects/DiskEd/disked/.aide-local/goal-0.1.0/clean-image-observation-992b2d0a/build/windows-bootstrap/Release/report_export_probe.exe" "--root" "D:/Projects/DiskEd/disked/.aide-local/goal-0.1.0/clean-image-observation-992b2d0a"
Directory: D:/Projects/DiskEd/disked/.aide-local/goal-0.1.0/clean-image-observation-992b2d0a/build/windows-bootstrap
"evidence.export_model" start time: Oct 10 00:21 AUS Eastern Daylight Time
Output:
----------------------------------------------------------
53 independent native inward export/grant/byte/fault cases passed
<end of output>
Test time =   1.73 sec
----------------------------------------------------------
Test Passed.
"evidence.export_model" end time: Oct 10 00:21 AUS Eastern Daylight Time
"evidence.export_model" time elapsed: 00:00:01
----------------------------------------------------------

11/71 Testing: evidence.file_export
11/71 Test: evidence.file_export
Command: "D:/Projects/DiskEd/disked/.aide-local/venv/Scripts/python.exe" "D:/Projects/DiskEd/disked/.aide-local/goal-0.1.0/clean-image-observation-992b2d0a/tests/evidence/test_file_export.py" "--probe" "D:/Projects/DiskEd/disked/.aide-local/goal-0.1.0/clean-image-observation-992b2d0a/build/windows-bootstrap/Release/file_report_export_probe.exe" "--fault" "D:/Projects/DiskEd/disked/.aide-local/goal-0.1.0/clean-image-observation-992b2d0a/build/windows-bootstrap/Release/file_report_export_fault.exe" "--root" "D:/Projects/DiskEd/disked/.aide-local/goal-0.1.0/clean-image-observation-992b2d0a"
Directory: D:/Projects/DiskEd/disked/.aide-local/goal-0.1.0/clean-image-observation-992b2d0a/build/windows-bootstrap
"evidence.file_export" start time: Oct 10 00:21 AUS Eastern Daylight Time
Output:
----------------------------------------------------------
53 native file-export cases and 4 owned-process/race observations passed; no physical qualification
<end of output>
Test time =  10.20 sec
----------------------------------------------------------
Test Passed.
"evidence.file_export" end time: Oct 10 00:21 AUS Eastern Daylight Time
"evidence.file_export" time elapsed: 00:00:10
----------------------------------------------------------

12/71 Testing: evidence.acquired_image_verification
12/71 Test: evidence.acquired_image_verification
Command: "D:/Projects/DiskEd/disked/.aide-local/venv/Scripts/python.exe" "D:/Projects/DiskEd/disked/.aide-local/goal-0.1.0/clean-image-observation-992b2d0a/tests/evidence/test_image_verification.py" "--probe" "D:/Projects/DiskEd/disked/.aide-local/goal-0.1.0/clean-image-observation-992b2d0a/build/windows-bootstrap/Release/acquired_image_verification_probe.exe" "--product" "D:/Projects/DiskEd/disked/.aide-local/goal-0.1.0/clean-image-observation-992b2d0a/build/windows-bootstrap/Release/disked.exe" "--root" "D:/Projects/DiskEd/disked/.aide-local/goal-0.1.0/clean-image-observation-992b2d0a"
Directory: D:/Projects/DiskEd/disked/.aide-local/goal-0.1.0/clean-image-observation-992b2d0a/build/windows-bootstrap
"evidence.acquired_image_verification" start time: Oct 10 00:21 AUS Eastern Daylight Time
Output:
----------------------------------------------------------
{"passed": true, "checks": 70, "source_revision": "992b2d0a95e9e61e39395250d66ff4ec8adeb18c", "source_dirty": false, "probe_sha256": "sha256:d7d36bc646d495d42f83e53c5458ca0c1d0284b1dc18caf37ac9fdfc5faaaf70", "product_sha256": "sha256:2800abf7084b860eed5f2e7e562f647c902703acdb775e679d31374223ea9725", "scope": "Private independent map/image verifier, two actual generated acquisitions, real current-byte/metadata/holding checks and separately scoped synthetic records/ports; no source-preservation/authenticated custody/physical/worker containment qualification"}
<end of output>
Test time =   3.27 sec
----------------------------------------------------------
Test Passed.
"evidence.acquired_image_verification" end time: Oct 10 00:22 AUS Eastern Daylight Time
"evidence.acquired_image_verification" time elapsed: 00:00:03
----------------------------------------------------------

13/71 Testing: evidence.image_verification_observation
13/71 Test: evidence.image_verification_observation
Command: "D:/Projects/DiskEd/disked/.aide-local/venv/Scripts/python.exe" "D:/Projects/DiskEd/disked/.aide-local/goal-0.1.0/clean-image-observation-992b2d0a/tests/evidence/test_image_observation.py" "--probe" "D:/Projects/DiskEd/disked/.aide-local/goal-0.1.0/clean-image-observation-992b2d0a/build/windows-bootstrap/Release/image_verification_observation_probe.exe" "--product" "D:/Projects/DiskEd/disked/.aide-local/goal-0.1.0/clean-image-observation-992b2d0a/build/windows-bootstrap/Release/disked.exe" "--root" "D:/Projects/DiskEd/disked/.aide-local/goal-0.1.0/clean-image-observation-992b2d0a"
Directory: D:/Projects/DiskEd/disked/.aide-local/goal-0.1.0/clean-image-observation-992b2d0a/build/windows-bootstrap
"evidence.image_verification_observation" start time: Oct 10 00:22 AUS Eastern Daylight Time
Output:
----------------------------------------------------------
{"passed": true, "checks": 449, "source_revision": "992b2d0a95e9e61e39395250d66ff4ec8adeb18c", "source_dirty": false, "probe_sha256": "sha256:62020531130c69885c26b4c3554cdb5b7b8c43869d9f08ccc3df2bc005308f74", "product_sha256": "sha256:2800abf7084b860eed5f2e7e562f647c902703acdb775e679d31374223ea9725", "scope": "Private immutable observations and all 16 typed disclosures; actual generated acquisitions, image/case changes and explicitly granted support exports; separate synthetic contradictions. No product availability, authenticated custody, latest-image authority or full-platform/physical qualification."}
<end of output>
Test time =   3.75 sec
----------------------------------------------------------
Test Passed.
"evidence.image_verification_observation" end time: Oct 10 00:22 AUS Eastern Daylight Time
"evidence.image_verification_observation" time elapsed: 00:00:03
----------------------------------------------------------

14/71 Testing: evidence.case_model
14/71 Test: evidence.case_model
Command: "D:/Projects/DiskEd/disked/.aide-local/venv/Scripts/python.exe" "D:/Projects/DiskEd/disked/.aide-local/goal-0.1.0/clean-image-observation-992b2d0a/tests/evidence/test_case.py" "--probe" "D:/Projects/DiskEd/disked/.aide-local/goal-0.1.0/clean-image-observation-992b2d0a/build/windows-bootstrap/Release/case_evidence_probe.exe" "--root" "D:/Projects/DiskEd/disked/.aide-local/goal-0.1.0/clean-image-observation-992b2d0a"
Directory: D:/Projects/DiskEd/disked/.aide-local/goal-0.1.0/clean-image-observation-992b2d0a/build/windows-bootstrap
"evidence.case_model" start time: Oct 10 00:22 AUS Eastern Daylight Time
Output:
----------------------------------------------------------
82 independent native case/custody/disclosure fixtures passed; no file export or forensic qualification
<end of output>
Test time =   3.46 sec
----------------------------------------------------------
Test Passed.
"evidence.case_model" end time: Oct 10 00:22 AUS Eastern Daylight Time
"evidence.case_model" time elapsed: 00:00:03
----------------------------------------------------------

15/71 Testing: health.observation_model
15/71 Test: health.observation_model
Command: "D:/Projects/DiskEd/disked/.aide-local/venv/Scripts/python.exe" "D:/Projects/DiskEd/disked/.aide-local/goal-0.1.0/clean-image-observation-992b2d0a/tests/health/test_health.py" "--probe" "D:/Projects/DiskEd/disked/.aide-local/goal-0.1.0/clean-image-observation-992b2d0a/build/windows-bootstrap/Release/health_observation_probe.exe" "--root" "D:/Projects/DiskEd/disked/.aide-local/goal-0.1.0/clean-image-observation-992b2d0a"
Directory: D:/Projects/DiskEd/disked/.aide-local/goal-0.1.0/clean-image-observation-992b2d0a/build/windows-bootstrap
"health.observation_model" start time: Oct 10 00:22 AUS Eastern Daylight Time
Output:
----------------------------------------------------------
95 independent native health/redaction cases passed; no physical provider or reliability admitted
<end of output>
Test time =   0.26 sec
----------------------------------------------------------
Test Passed.
"health.observation_model" end time: Oct 10 00:22 AUS Eastern Daylight Time
"health.observation_model" time elapsed: 00:00:00
----------------------------------------------------------

16/71 Testing: health.command
16/71 Test: health.command
Command: "D:/Projects/DiskEd/disked/.aide-local/venv/Scripts/python.exe" "D:/Projects/DiskEd/disked/.aide-local/goal-0.1.0/clean-image-observation-992b2d0a/tests/health/test_command.py" "--exe" "D:/Projects/DiskEd/disked/.aide-local/goal-0.1.0/clean-image-observation-992b2d0a/build/windows-bootstrap/Release/disked.exe" "--guard" "D:/Projects/DiskEd/disked/.aide-local/goal-0.1.0/clean-image-observation-992b2d0a/build/windows-bootstrap/Release/disked_provider_guard.exe" "--service" "D:/Projects/DiskEd/disked/.aide-local/goal-0.1.0/clean-image-observation-992b2d0a/build/windows-bootstrap/Release/frontend_service_probe.exe" "--gui" "D:/Projects/DiskEd/disked/.aide-local/goal-0.1.0/clean-image-observation-992b2d0a/build/windows-bootstrap/Release/gui_model_probe.exe" "--tui" "D:/Projects/DiskEd/disked/.aide-local/goal-0.1.0/clean-image-observation-992b2d0a/build/windows-bootstrap/Release/tui_model_probe.exe" "--shell" "D:/Projects/DiskEd/disked/.aide-local/goal-0.1.0/clean-image-observation-992b2d0a/build/windows-bootstrap/Release/shell_model_probe.exe" "--root" "D:/Projects/DiskEd/disked/.aide-local/goal-0.1.0/clean-image-observation-992b2d0a"
Directory: D:/Projects/DiskEd/disked/.aide-local/goal-0.1.0/clean-image-observation-992b2d0a/build/windows-bootstrap
"health.command" start time: Oct 10 00:22 AUS Eastern Daylight Time
Output:
----------------------------------------------------------
test_all_disclosure_combinations_are_independent_and_secrets_omitted (__main__.HealthCommand.test_all_disclosure_combinations_are_independent_and_secrets_omitted) ... ok
test_control_text_and_independent_label_byte_limits (__main__.HealthCommand.test_control_text_and_independent_label_byte_limits) ... ok
test_default_support_payload_has_no_content_or_identifiers (__main__.HealthCommand.test_default_support_payload_has_no_content_or_identifiers) ... ok
test_denied_stale_alias_and_physical_path_refusals (__main__.HealthCommand.test_denied_stale_alias_and_physical_path_refusals) ... ok
test_discovery_and_help_are_static_and_truthful (__main__.HealthCommand.test_discovery_and_help_are_static_and_truthful) ... ok
test_gui_tui_shell_use_shared_results_and_revision_review (__main__.HealthCommand.test_gui_tui_shell_use_shared_results_and_revision_review) ... ok
test_invalid_parameters_are_static_with_poisoned_provider (__main__.HealthCommand.test_invalid_parameters_are_static_with_poisoned_provider) ... ok
test_known_fixture_content_and_cloned_serial_binding (__main__.HealthCommand.test_known_fixture_content_and_cloned_serial_binding) ... ok
test_ndjson_refusal_does_not_stop_later_health_requests (__main__.HealthCommand.test_ndjson_refusal_does_not_stop_later_health_requests) ... ok
test_port_presence_does_not_authorize_target_health_or_mutation (__main__.HealthCommand.test_port_presence_does_not_authorize_target_health_or_mutation) ... ok
test_revision_and_target_removal_reject_before_collection (__main__.HealthCommand.test_revision_and_target_removal_reject_before_collection) ... ok
test_unknown_and_unavailable_never_substitute_zero (__main__.HealthCommand.test_unknown_and_unavailable_never_substitute_zero) ... ok
test_unknown_fixture_or_missing_port_is_unavailable (__main__.HealthCommand.test_unknown_fixture_or_missing_port_is_unavailable) ... ok

----------------------------------------------------------------------
Ran 13 tests in 2.731s

OK
<end of output>
Test time =   2.87 sec
----------------------------------------------------------
Test Passed.
"health.command" end time: Oct 10 00:22 AUS Eastern Daylight Time
"health.command" time elapsed: 00:00:02
----------------------------------------------------------

17/71 Testing: journal.semantic_reader
17/71 Test: journal.semantic_reader
Command: "D:/Projects/DiskEd/disked/.aide-local/venv/Scripts/python.exe" "D:/Projects/DiskEd/disked/.aide-local/goal-0.1.0/clean-image-observation-992b2d0a/tests/journal/test_semantics.py" "--probe" "D:/Projects/DiskEd/disked/.aide-local/goal-0.1.0/clean-image-observation-992b2d0a/build/windows-bootstrap/Release/journal_semantic_probe.exe" "--root" "D:/Projects/DiskEd/disked/.aide-local/goal-0.1.0/clean-image-observation-992b2d0a"
Directory: D:/Projects/DiskEd/disked/.aide-local/goal-0.1.0/clean-image-observation-992b2d0a/build/windows-bootstrap
"journal.semantic_reader" start time: Oct 10 00:22 AUS Eastern Daylight Time
Output:
----------------------------------------------------------
191 semantic binary journal scenarios passed; declarations only, no live durability or replay authority
<end of output>
Test time =  12.89 sec
----------------------------------------------------------
Test Passed.
"journal.semantic_reader" end time: Oct 10 00:22 AUS Eastern Daylight Time
"journal.semantic_reader" time elapsed: 00:00:12
----------------------------------------------------------

18/71 Testing: journal.guarded_model
18/71 Test: journal.guarded_model
Command: "D:/Projects/DiskEd/disked/.aide-local/venv/Scripts/python.exe" "D:/Projects/DiskEd/disked/.aide-local/goal-0.1.0/clean-image-observation-992b2d0a/tests/journal/test_guarded.py" "--probe" "D:/Projects/DiskEd/disked/.aide-local/goal-0.1.0/clean-image-observation-992b2d0a/build/windows-bootstrap/Release/guarded_journal_probe.exe" "--root" "D:/Projects/DiskEd/disked/.aide-local/goal-0.1.0/clean-image-observation-992b2d0a"
Directory: D:/Projects/DiskEd/disked/.aide-local/goal-0.1.0/clean-image-observation-992b2d0a/build/windows-bootstrap
"journal.guarded_model" start time: Oct 10 00:22 AUS Eastern Daylight Time
Output:
----------------------------------------------------------
172 guarded fake-memory scenarios passed (4320 actions); no physical durability or writer admission
<end of output>
Test time =   1.86 sec
----------------------------------------------------------
Test Passed.
"journal.guarded_model" end time: Oct 10 00:22 AUS Eastern Daylight Time
"journal.guarded_model" time elapsed: 00:00:01
----------------------------------------------------------

19/71 Testing: journal.model_binary_producer
19/71 Test: journal.model_binary_producer
Command: "D:/Projects/DiskEd/disked/.aide-local/venv/Scripts/python.exe" "D:/Projects/DiskEd/disked/.aide-local/goal-0.1.0/clean-image-observation-992b2d0a/tests/journal/test_producer.py" "--probe" "D:/Projects/DiskEd/disked/.aide-local/goal-0.1.0/clean-image-observation-992b2d0a/build/windows-bootstrap/Release/model_journal_producer_probe.exe" "--semantic-probe" "D:/Projects/DiskEd/disked/.aide-local/goal-0.1.0/clean-image-observation-992b2d0a/build/windows-bootstrap/Release/journal_semantic_probe.exe" "--root" "D:/Projects/DiskEd/disked/.aide-local/goal-0.1.0/clean-image-observation-992b2d0a"
Directory: D:/Projects/DiskEd/disked/.aide-local/goal-0.1.0/clean-image-observation-992b2d0a/build/windows-bootstrap
"journal.model_binary_producer" start time: Oct 10 00:22 AUS Eastern Daylight Time
Output:
----------------------------------------------------------
158 native model histories / 166 binary generations / 307 prefix inspections / 10 rejection cases passed; declaration fixtures only
<end of output>
Test time =   2.58 sec
----------------------------------------------------------
Test Passed.
"journal.model_binary_producer" end time: Oct 10 00:22 AUS Eastern Daylight Time
"journal.model_binary_producer" time elapsed: 00:00:02
----------------------------------------------------------

20/71 Testing: journal.repeated_crash_audit
20/71 Test: journal.repeated_crash_audit
Command: "D:/Projects/DiskEd/disked/.aide-local/venv/Scripts/python.exe" "D:/Projects/DiskEd/disked/.aide-local/goal-0.1.0/clean-image-observation-992b2d0a/tests/journal/test_crash_audit.py" "--probe" "D:/Projects/DiskEd/disked/.aide-local/goal-0.1.0/clean-image-observation-992b2d0a/build/windows-bootstrap/Release/model_journal_producer_probe.exe" "--root" "D:/Projects/DiskEd/disked/.aide-local/goal-0.1.0/clean-image-observation-992b2d0a"
Directory: D:/Projects/DiskEd/disked/.aide-local/goal-0.1.0/clean-image-observation-992b2d0a/build/windows-bootstrap
"journal.repeated_crash_audit" start time: Oct 10 00:22 AUS Eastern Daylight Time
Output:
----------------------------------------------------------
259 repeated-crash scenarios / 6370 actions / 326 binary generations passed; fake declarations only
<end of output>
Test time =   4.19 sec
----------------------------------------------------------
Test Passed.
"journal.repeated_crash_audit" end time: Oct 10 00:22 AUS Eastern Daylight Time
"journal.repeated_crash_audit" time elapsed: 00:00:04
----------------------------------------------------------

21/71 Testing: journal.plan_definitions
21/71 Test: journal.plan_definitions
Command: "D:/Projects/DiskEd/disked/.aide-local/venv/Scripts/python.exe" "D:/Projects/DiskEd/disked/.aide-local/goal-0.1.0/clean-image-observation-992b2d0a/tests/journal/test_definitions.py" "--probe" "D:/Projects/DiskEd/disked/.aide-local/goal-0.1.0/clean-image-observation-992b2d0a/build/windows-bootstrap/Release/plan_definition_probe.exe" "--root" "D:/Projects/DiskEd/disked/.aide-local/goal-0.1.0/clean-image-observation-992b2d0a"
Directory: D:/Projects/DiskEd/disked/.aide-local/goal-0.1.0/clean-image-observation-992b2d0a/build/windows-bootstrap
"journal.plan_definitions" start time: Oct 10 00:22 AUS Eastern Daylight Time
Output:
----------------------------------------------------------
243 independent definition/receipt fixtures passed; no authentication, effects or durability qualified
<end of output>
Test time =   0.40 sec
----------------------------------------------------------
Test Passed.
"journal.plan_definitions" end time: Oct 10 00:22 AUS Eastern Daylight Time
"journal.plan_definitions" time elapsed: 00:00:00
----------------------------------------------------------

22/71 Testing: journal.binary_codec
22/71 Test: journal.binary_codec
Command: "D:/Projects/DiskEd/disked/.aide-local/venv/Scripts/python.exe" "D:/Projects/DiskEd/disked/.aide-local/goal-0.1.0/clean-image-observation-992b2d0a/tests/journal/test_codec.py" "--probe" "D:/Projects/DiskEd/disked/.aide-local/goal-0.1.0/clean-image-observation-992b2d0a/build/windows-bootstrap/Release/journal_codec_probe.exe" "--root" "D:/Projects/DiskEd/disked/.aide-local/goal-0.1.0/clean-image-observation-992b2d0a"
Directory: D:/Projects/DiskEd/disked/.aide-local/goal-0.1.0/clean-image-observation-992b2d0a/build/windows-bootstrap
"journal.binary_codec" start time: Oct 10 00:22 AUS Eastern Daylight Time
Output:
----------------------------------------------------------
PASS proposed journal codec: 784 independent binary/boundary/corruption/stream cases; no writer admission
<end of output>
Test time =   0.26 sec
----------------------------------------------------------
Test Passed.
"journal.binary_codec" end time: Oct 10 00:22 AUS Eastern Daylight Time
"journal.binary_codec" time elapsed: 00:00:00
----------------------------------------------------------

23/71 Testing: frontend.acquisition_forms
23/71 Test: frontend.acquisition_forms
Command: "D:/Projects/DiskEd/disked/.aide-local/venv/Scripts/python.exe" "D:/Projects/DiskEd/disked/.aide-local/goal-0.1.0/clean-image-observation-992b2d0a/tests/frontend/test_acquisition_forms.py" "--exe" "D:/Projects/DiskEd/disked/.aide-local/goal-0.1.0/clean-image-observation-992b2d0a/build/windows-bootstrap/Release/disked.exe" "--product" "D:/Projects/DiskEd/disked/.aide-local/goal-0.1.0/clean-image-observation-992b2d0a/build/windows-bootstrap/Release/disked.exe" "--gui" "D:/Projects/DiskEd/disked/.aide-local/goal-0.1.0/clean-image-observation-992b2d0a/build/windows-bootstrap/Release/gui_model_probe.exe" "--tui" "D:/Projects/DiskEd/disked/.aide-local/goal-0.1.0/clean-image-observation-992b2d0a/build/windows-bootstrap/Release/tui_model_probe.exe" "--root" "D:/Projects/DiskEd/disked/.aide-local/goal-0.1.0/clean-image-observation-992b2d0a"
Directory: D:/Projects/DiskEd/disked/.aide-local/goal-0.1.0/clean-image-observation-992b2d0a/build/windows-bootstrap
"frontend.acquisition_forms" start time: Oct 10 00:22 AUS Eastern Daylight Time
Output:
----------------------------------------------------------
PASS acquisition forms: 23 checks; 5 native journeys; 2 verified copies
<end of output>
Test time =   2.32 sec
----------------------------------------------------------
Test Passed.
"frontend.acquisition_forms" end time: Oct 10 00:22 AUS Eastern Daylight Time
"frontend.acquisition_forms" time elapsed: 00:00:02
----------------------------------------------------------

24/71 Testing: frontend.acquisition_interactive
24/71 Test: frontend.acquisition_interactive
Command: "D:/Projects/DiskEd/disked/.aide-local/venv/Scripts/python.exe" "D:/Projects/DiskEd/disked/.aide-local/goal-0.1.0/clean-image-observation-992b2d0a/tests/frontend/test_acquisition_interactive.py" "--exe" "D:/Projects/DiskEd/disked/.aide-local/goal-0.1.0/clean-image-observation-992b2d0a/build/windows-bootstrap/Release/disked.exe" "--product" "D:/Projects/DiskEd/disked/.aide-local/goal-0.1.0/clean-image-observation-992b2d0a/build/windows-bootstrap/Release/disked.exe" "--shell" "D:/Projects/DiskEd/disked/.aide-local/goal-0.1.0/clean-image-observation-992b2d0a/build/windows-bootstrap/Release/shell_model_probe.exe" "--reader" "D:/Projects/DiskEd/disked/.aide-local/goal-0.1.0/clean-image-observation-992b2d0a/build/windows-bootstrap/Release/watch_probe.exe" "--root" "D:/Projects/DiskEd/disked/.aide-local/goal-0.1.0/clean-image-observation-992b2d0a"
Directory: D:/Projects/DiskEd/disked/.aide-local/goal-0.1.0/clean-image-observation-992b2d0a/build/windows-bootstrap
"frontend.acquisition_interactive" start time: Oct 10 00:22 AUS Eastern Daylight Time
Output:
----------------------------------------------------------
PASS acquisition interactive: 710 checks; 5 native journeys; 4 verified copies; synthetic 64-event response 103181 bytes
<end of output>
Test time =  36.07 sec
----------------------------------------------------------
Test Passed.
"frontend.acquisition_interactive" end time: Oct 10 00:23 AUS Eastern Daylight Time
"frontend.acquisition_interactive" time elapsed: 00:00:36
----------------------------------------------------------

25/71 Testing: image.acquisition_commands
25/71 Test: image.acquisition_commands
Command: "D:/Projects/DiskEd/disked/.aide-local/venv/Scripts/python.exe" "D:/Projects/DiskEd/disked/.aide-local/goal-0.1.0/clean-image-observation-992b2d0a/tests/images/test_acquisition_commands.py" "--probe" "D:/Projects/DiskEd/disked/.aide-local/goal-0.1.0/clean-image-observation-992b2d0a/build/windows-bootstrap/Release/acquisition_command_probe.exe" "--root" "D:/Projects/DiskEd/disked/.aide-local/goal-0.1.0/clean-image-observation-992b2d0a"
Directory: D:/Projects/DiskEd/disked/.aide-local/goal-0.1.0/clean-image-observation-992b2d0a/build/windows-bootstrap
"image.acquisition_commands" start time: Oct 10 00:23 AUS Eastern Daylight Time
Output:
----------------------------------------------------------
PASS shared acquisition commands: 274 checks; 6 verified copies
<end of output>
Test time =  16.27 sec
----------------------------------------------------------
Test Passed.
"image.acquisition_commands" end time: Oct 10 00:23 AUS Eastern Daylight Time
"image.acquisition_commands" time elapsed: 00:00:16
----------------------------------------------------------

26/71 Testing: image.acquisition_operations
26/71 Test: image.acquisition_operations
Command: "D:/Projects/DiskEd/disked/.aide-local/venv/Scripts/python.exe" "D:/Projects/DiskEd/disked/.aide-local/goal-0.1.0/clean-image-observation-992b2d0a/tests/images/test_acquisition_operations.py" "--probe" "D:/Projects/DiskEd/disked/.aide-local/goal-0.1.0/clean-image-observation-992b2d0a/build/windows-bootstrap/Release/acquisition_command_probe.exe" "--disked" "D:/Projects/DiskEd/disked/.aide-local/goal-0.1.0/clean-image-observation-992b2d0a/build/windows-bootstrap/Release/disked.exe" "--reader" "D:/Projects/DiskEd/disked/.aide-local/goal-0.1.0/clean-image-observation-992b2d0a/build/windows-bootstrap/Release/watch_probe.exe" "--root" "D:/Projects/DiskEd/disked/.aide-local/goal-0.1.0/clean-image-observation-992b2d0a"
Directory: D:/Projects/DiskEd/disked/.aide-local/goal-0.1.0/clean-image-observation-992b2d0a/build/windows-bootstrap
"image.acquisition_operations" start time: Oct 10 00:23 AUS Eastern Daylight Time
Output:
----------------------------------------------------------
PASS public acquisition observations: 213 checks; 68 producer events
<end of output>
Test time =  11.08 sec
----------------------------------------------------------
Test Passed.
"image.acquisition_operations" end time: Oct 10 00:23 AUS Eastern Daylight Time
"image.acquisition_operations" time elapsed: 00:00:11
----------------------------------------------------------

27/71 Testing: image.acquisition_worker
27/71 Test: image.acquisition_worker
Command: "D:/Projects/DiskEd/disked/.aide-local/venv/Scripts/python.exe" "D:/Projects/DiskEd/disked/.aide-local/goal-0.1.0/clean-image-observation-992b2d0a/tests/images/test_acquisition_worker.py" "--probe" "D:/Projects/DiskEd/disked/.aide-local/goal-0.1.0/clean-image-observation-992b2d0a/build/windows-bootstrap/Release/acquisition_worker_probe.exe" "--fault" "D:/Projects/DiskEd/disked/.aide-local/goal-0.1.0/clean-image-observation-992b2d0a/build/windows-bootstrap/Release/acquisition_worker_fault.exe" "--root" "D:/Projects/DiskEd/disked/.aide-local/goal-0.1.0/clean-image-observation-992b2d0a"
Directory: D:/Projects/DiskEd/disked/.aide-local/goal-0.1.0/clean-image-observation-992b2d0a/build/windows-bootstrap
"image.acquisition_worker" start time: Oct 10 00:23 AUS Eastern Daylight Time
Output:
----------------------------------------------------------
case prepare-0
case start-0
case no-relaunch-0
case prepare-1
case start-1
case no-relaunch-1
case prepare-65535
case start-65535
case no-relaunch-65535
case prepare-65536
case start-65536
case no-relaunch-65536
case prepare-65537
case start-65537
case no-relaunch-65537
case prepare-1048577
case start-1048577
case no-relaunch-1048577
case prepare-2097153
case start-2097153
case no-relaunch-2097153
case review-grants
case deny-source_read
case deny-destination_write
case deny-map_write
case deny-host_effects
case deny-unbound-grant
case deny-different-executable-generation
case refuse-source-generation-change
case review-directory-generation
case refuse-directory-generation-change
case refuse-operation-metadata-alias
case refuse-occupied-store
case review-cancel
case start-cancel
case repeat-active-does-not-relaunch
case exclude-second-writer
case review-resume-new-attempt
case start-resume-new-attempt
case review-checkpoint-observer-error
case start-checkpoint-observer-error
case review-post-create-validation
case post-create-validation-unknown
case post-create-validation-no-restart
case review-store-fault-full
case store-fault-retained-full
case store-fault-no-restart-full
case review-store-fault-short
case store-fault-retained-short
case store-fault-no-restart-short
case review-store-fault-flush
case store-fault-retained-flush
case store-fault-no-restart-flush
case review-late-admission
case admission-timeout-is-unresolved
case late-admission-no-restart
case review-normal-no-fault
case normal-ignores-fault-controls
case review-aggregate-0
case start-aggregate-0
case review-aggregate-1
case start-aggregate-1
case review-aggregate-2
case start-aggregate-2
case review-aggregate-3
case start-aggregate-3
case review-excess-worker
case excess-worker-is-not-admitted
case review-termination
case start-owned-termination-fixture
case unfinished-worker-never-restarted
case review-history
case start-history-fixture
PASS: 430 private acquisition worker checks; 10 completed byte/map verifications
<end of output>
Test time =  27.85 sec
----------------------------------------------------------
Test Passed.
"image.acquisition_worker" end time: Oct 10 00:24 AUS Eastern Daylight Time
"image.acquisition_worker" time elapsed: 00:00:27
----------------------------------------------------------

28/71 Testing: image.file_acquisition
28/71 Test: image.file_acquisition
Command: "D:/Projects/DiskEd/disked/.aide-local/venv/Scripts/python.exe" "D:/Projects/DiskEd/disked/.aide-local/goal-0.1.0/clean-image-observation-992b2d0a/tests/images/test_file_acquisition.py" "--probe" "D:/Projects/DiskEd/disked/.aide-local/goal-0.1.0/clean-image-observation-992b2d0a/build/windows-bootstrap/Release/file_acquisition_probe.exe" "--fault" "D:/Projects/DiskEd/disked/.aide-local/goal-0.1.0/clean-image-observation-992b2d0a/build/windows-bootstrap/Release/file_acquisition_fault.exe" "--root" "D:/Projects/DiskEd/disked/.aide-local/goal-0.1.0/clean-image-observation-992b2d0a"
Directory: D:/Projects/DiskEd/disked/.aide-local/goal-0.1.0/clean-image-observation-992b2d0a/build/windows-bootstrap
"image.file_acquisition" start time: Oct 10 00:24 AUS Eastern Daylight Time
Output:
----------------------------------------------------------
case inert-prepare-0
case golden-0
case sealed-resume-0
case inert-prepare-1
case golden-1
case sealed-resume-1
case inert-prepare-4095
case golden-4095
case sealed-resume-4095
case inert-prepare-4096
case golden-4096
case sealed-resume-4096
case inert-prepare-4097
case golden-4097
case sealed-resume-4097
case inert-prepare-65535
case golden-65535
case sealed-resume-65535
case inert-prepare-65536
case golden-65536
case sealed-resume-65536
case inert-prepare-65537
case golden-65537
case sealed-resume-65537
case inert-prepare-131073
case golden-131073
case sealed-resume-131073
case chunk-65536-131073
case chunk-1048576-131073
case chunk-1048576-1048576
case chunk-1048576-1048577
case lossless-unicode-paths
case no-clobber-destination
case no-clobber-map
case alias-source
case alias-same
case alias-case
case grant-source_read
case grant-destination_write
case grant-map_write
case grant-host_effects
case grant-digest
case policy-before-source-{'chunk_bytes': '0'}
case policy-before-source-{'retry_limit': '4'}
case policy-before-source-{'read_policy': 'other'}
case policy-before-source-{'substitution': 'silent'}
case policy-before-source-{'read_policy': 'failing-read-mostly', 'retry_limit': '1'}
case path-refusal-'NUL'
case path-refusal-'CON.txt'
case path-refusal-'bad:stream'
case path-refusal-'bad\x1bname'
case path-refusal-'trailing.'
case path-refusal-'trailing '
case path-refusal-'C:relative.img'
case path-refusal-'\\\\.\\PhysicalDrive0'
case path-refusal-'\\\\?\\C:\\no.img'
case path-refusal-'//absent/share.img'
case path-refusal-'xxxxxxxxxxxxxxxxxxxxxxxxxxxxxxxxxxxxxxxxxxxxxxxxxxxxxxxxxxxxxxxxxxxxxxxxxxxxxxxxxxxxxxxxxxxxxxxxxxxxxxxxxxxxxxxxxxxxxxxxxxxxxxxxxxxxxxxxxxxxxxxxxxxxxxxxxxxxxxxxxxxxxxxxxxxxxxxxxxxxxxxxxxxxxxxxxxxxxxxxxxxxxxxxxxxxxxxxxxxxxxxxxxxxxxxxxxxxxxxxx'
case missing-source
case directory-source
case missing-parent
case hardlink-source
case sharing-writer
case sharing-exclusive-reader
case actual-source-access-denied
case reparse-parent
case capacity-before-create
case stop-0
case stop-4096
case resume-stop-4096
case read-READ_ERROR
case read-retry-attempt-READ_ERROR
case read-SHORT_READ
case read-retry-attempt-SHORT_READ
case explicit-zero-ordinary
case explicit-zero-failing-read-mostly
case write-WRITE_ERROR
case resume-WRITE_ERROR
case write-PARTIAL_WRITE
case resume-PARTIAL_WRITE
case flush-MAP_FLUSH_ERROR
case resume-flush-MAP_FLUSH_ERROR
case flush-DESTINATION_FLUSH_ERROR
case resume-flush-DESTINATION_FLUSH_ERROR
case torn-checkpoint
case resume-torn-checkpoint
case failing-pause
case failing-resume-no-prefix-reread
case hooks-absent
case setup-complete-json
case refuse-complete-json
case setup-incomplete
case repair-incomplete-tail
case setup-unexplained-suffix
case refuse-unexplained-suffix
case setup-checkpoint-data
case refuse-checkpoint-data
case setup-source-change
case refuse-source-change
case setup-output-generation
case refuse-output-generation
case setup-map-generation
case refuse-map-generation
case setup-options
case refuse-options
case setup-code-generation
case refuse-code-generation
case setup-sealed-tail
case refuse-sealed-tail
case live-worker-sharing-append-header
case after-process-termination-append-header
case live-worker-sharing-append-pending
case after-process-termination-append-pending
case live-worker-sharing-destination-written
case after-process-termination-destination-written
case live-worker-sharing-destination-flushed
case after-process-termination-destination-flushed
case live-worker-sharing-append-checkpoint
case after-process-termination-append-checkpoint
case live-worker-sharing-append-seal
case after-process-termination-append-seal
case partial-bootstrap-retained
case torn-header
case torn-header-resume
{"passed": true, "cases": 126}
<end of output>
Test time =  21.01 sec
----------------------------------------------------------
Test Passed.
"image.file_acquisition" end time: Oct 10 00:24 AUS Eastern Daylight Time
"image.file_acquisition" time elapsed: 00:00:21
----------------------------------------------------------

29/71 Testing: image.parent_pins
29/71 Test: image.parent_pins
Command: "D:/Projects/DiskEd/disked/.aide-local/venv/Scripts/python.exe" "D:/Projects/DiskEd/disked/.aide-local/goal-0.1.0/clean-image-observation-992b2d0a/tests/images/test_parent_pins.py" "--probe" "D:/Projects/DiskEd/disked/.aide-local/goal-0.1.0/clean-image-observation-992b2d0a/build/windows-bootstrap/Release/file_acquisition_fault.exe" "--capture-probe" "D:/Projects/DiskEd/disked/.aide-local/goal-0.1.0/clean-image-observation-992b2d0a/build/windows-bootstrap/Release/image_file_capture_probe.exe" "--root" "D:/Projects/DiskEd/disked/.aide-local/goal-0.1.0/clean-image-observation-992b2d0a"
Directory: D:/Projects/DiskEd/disked/.aide-local/goal-0.1.0/clean-image-observation-992b2d0a/build/windows-bootstrap
"image.parent_pins" start time: Oct 10 00:24 AUS Eastern Daylight Time
Output:
----------------------------------------------------------
{"passed": true, "cases": 4, "mode": "strong-parent-contract"}
<end of output>
Test time =   0.90 sec
----------------------------------------------------------
Test Passed.
"image.parent_pins" end time: Oct 10 00:24 AUS Eastern Daylight Time
"image.parent_pins" time elapsed: 00:00:00
----------------------------------------------------------

30/71 Testing: image.acquisition_pipeline
30/71 Test: image.acquisition_pipeline
Command: "D:/Projects/DiskEd/disked/.aide-local/venv/Scripts/python.exe" "D:/Projects/DiskEd/disked/.aide-local/goal-0.1.0/clean-image-observation-992b2d0a/tests/images/test_acquisition_pipeline.py" "--probe" "D:/Projects/DiskEd/disked/.aide-local/goal-0.1.0/clean-image-observation-992b2d0a/build/windows-bootstrap/Release/acquisition_probe.exe" "--root" "D:/Projects/DiskEd/disked/.aide-local/goal-0.1.0/clean-image-observation-992b2d0a"
Directory: D:/Projects/DiskEd/disked/.aide-local/goal-0.1.0/clean-image-observation-992b2d0a/build/windows-bootstrap
"image.acquisition_pipeline" start time: Oct 10 00:24 AUS Eastern Daylight Time
Output:
----------------------------------------------------------
PASS: 218 private native acquisition pipeline cases
<end of output>
Test time =   4.65 sec
----------------------------------------------------------
Test Passed.
"image.acquisition_pipeline" end time: Oct 10 00:24 AUS Eastern Daylight Time
"image.acquisition_pipeline" time elapsed: 00:00:04
----------------------------------------------------------

31/71 Testing: image.shared_commands
31/71 Test: image.shared_commands
Command: "D:/Projects/DiskEd/disked/.aide-local/venv/Scripts/python.exe" "D:/Projects/DiskEd/disked/.aide-local/goal-0.1.0/clean-image-observation-992b2d0a/tests/frontend/test_image_commands.py" "--exe" "D:/Projects/DiskEd/disked/.aide-local/goal-0.1.0/clean-image-observation-992b2d0a/build/windows-bootstrap/Release/disked.exe" "--fault" "D:/Projects/DiskEd/disked/.aide-local/goal-0.1.0/clean-image-observation-992b2d0a/build/windows-bootstrap/Release/disked_image_test.exe" "--probe" "D:/Projects/DiskEd/disked/.aide-local/goal-0.1.0/clean-image-observation-992b2d0a/build/windows-bootstrap/Release/image_file_capture_probe.exe" "--root" "D:/Projects/DiskEd/disked/.aide-local/goal-0.1.0/clean-image-observation-992b2d0a"
Directory: D:/Projects/DiskEd/disked/.aide-local/goal-0.1.0/clean-image-observation-992b2d0a/build/windows-bootstrap
"image.shared_commands" start time: Oct 10 00:24 AUS Eastern Daylight Time
Output:
----------------------------------------------------------
CASE 'image.inspect-mbr-empty.img'
CASE 'table.verify-mbr-empty.img'
CASE 'image.inspect-mbr-two.img'
CASE 'table.verify-mbr-two.img'
CASE 'image.inspect-mbr-overlap.img'
CASE 'table.verify-mbr-overlap.img'
CASE 'image.inspect-mbr-outside.img'
CASE 'table.verify-mbr-outside.img'
CASE 'image.inspect-mbr-zero-type.img'
CASE 'table.verify-mbr-zero-type.img'
CASE 'image.inspect-mbr-boot-byte.img'
CASE 'table.verify-mbr-boot-byte.img'
CASE 'image.inspect-mbr-signature.img'
CASE 'table.verify-mbr-signature.img'
CASE 'image.inspect-mbr-truncated.img'
CASE 'table.verify-mbr-truncated.img'
CASE 'image.inspect-ebr-two.img'
CASE 'table.verify-ebr-two.img'
CASE 'image.inspect-ebr-cycle.img'
CASE 'table.verify-ebr-cycle.img'
CASE 'image.inspect-ebr-overlap.img'
CASE 'table.verify-ebr-overlap.img'
CASE 'image.inspect-ebr-signature.img'
CASE 'table.verify-ebr-signature.img'
CASE 'image.inspect-ebr-unavailable.img'
CASE 'table.verify-ebr-unavailable.img'
CASE 'image.inspect-gpt-valid.img'
CASE 'table.verify-gpt-valid.img'
CASE 'image.inspect-gpt-0-header-crc.img'
CASE 'table.verify-gpt-0-header-crc.img'
CASE 'image.inspect-gpt-0-array-crc.img'
CASE 'table.verify-gpt-0-array-crc.img'
CASE 'image.inspect-gpt-0-reserved.img'
CASE 'table.verify-gpt-0-reserved.img'
CASE 'image.inspect-gpt-0-range.img'
CASE 'table.verify-gpt-0-range.img'
CASE 'image.inspect-gpt-0-duplicate.img'
CASE 'table.verify-gpt-0-duplicate.img'
CASE 'image.inspect-gpt-0-overlap.img'
CASE 'table.verify-gpt-0-overlap.img'
CASE 'image.inspect-gpt-0-utf16.img'
CASE 'table.verify-gpt-0-utf16.img'
CASE 'image.inspect-gpt-0-attributes.img'
CASE 'table.verify-gpt-0-attributes.img'
CASE 'image.inspect-gpt-1-header-crc.img'
CASE 'table.verify-gpt-1-header-crc.img'
CASE 'image.inspect-gpt-1-array-crc.img'
CASE 'table.verify-gpt-1-array-crc.img'
CASE 'image.inspect-gpt-1-reserved.img'
CASE 'table.verify-gpt-1-reserved.img'
CASE 'image.inspect-gpt-1-range.img'
CASE 'table.verify-gpt-1-range.img'
CASE 'image.inspect-gpt-1-duplicate.img'
CASE 'table.verify-gpt-1-duplicate.img'
CASE 'image.inspect-gpt-1-overlap.img'
CASE 'table.verify-gpt-1-overlap.img'
CASE 'image.inspect-gpt-1-utf16.img'
CASE 'table.verify-gpt-1-utf16.img'
CASE 'image.inspect-gpt-1-attributes.img'
CASE 'table.verify-gpt-1-attributes.img'
CASE 'image.inspect-gpt-valid-disagreement.img'
CASE 'table.verify-gpt-valid-disagreement.img'
CASE 'image.inspect-gpt-guid-disagreement.img'
CASE 'table.verify-gpt-guid-disagreement.img'
CASE 'image.inspect-gpt-both-crc.img'
CASE 'table.verify-gpt-both-crc.img'
CASE 'image.inspect-gpt-primary-signature.img'
CASE 'table.verify-gpt-primary-signature.img'
CASE 'image.inspect-gpt-short-backup.img'
CASE 'table.verify-gpt-short-backup.img'
CASE 'image.inspect-empty.img'
CASE 'table.verify-short.img'
CASE 'image.inspect-name-\u78c1\u76d8-\U0001f642.img'
CASE 'table.verify-gpt-valid.img'
CASE 'table.verify-gpt-valid.img'
CASE 'image.inspect-gpt-valid.img'
CASE 'literal-path'
CASE 'option-placement'
CASE 'parse-before-open-missing_parameter'
CASE 'parse-before-open-missing_parameter'
CASE 'parse-before-open-invalid_option_value'
CASE 'parse-before-open-duplicate_option'
CASE 'parse-before-open-unknown_option'
CASE 'essential-no-image-open'
CASE 'essential-no-image-open'
CASE 'essential-no-image-open'
CASE 'essential-no-image-open'
CASE 'essential-no-image-open'
CASE 'stdio-image.inspect'
CASE 'image.inspect-gpt-valid.img'
CASE 'strict-before-open-unexpected_revision'
CASE 'strict-before-open-missing_parameter'
CASE 'strict-before-open-invalid_parameter'
CASE 'strict-before-open-unexpected_parameter'
CASE 'stdio-table.verify'
CASE 'table.verify-gpt-valid.img'
CASE 'strict-before-open-unexpected_revision'
CASE 'strict-before-open-missing_parameter'
CASE 'strict-before-open-invalid_parameter'
CASE 'strict-before-open-unexpected_parameter'
CASE 'image.inspect-missing.img'
CASE 'table.verify-gpt-valid.img'
CASE 'table.verify-gpt-valid.img'
CASE 'table.verify-gpt-valid.img'
CASE 'table.verify-gpt-valid.img'
CASE 'table.verify-gpt-valid.img'
CASE 'table.verify-gpt-valid.img'
CASE 'image.inspect-gpt-valid.img'
CASE 'gui-image.inspect-gpt-valid.img'
CASE 'tui-image.inspect-gpt-valid.img'
CASE 'shell-image.inspect-gpt-valid.img'
CASE 'table.verify-gpt-valid.img'
CASE 'gui-table.verify-gpt-valid.img'
CASE 'tui-table.verify-gpt-valid.img'
CASE 'shell-table.verify-gpt-valid.img'
CASE 'table.verify-short.img'
CASE 'gui-table.verify-short.img'
CASE 'tui-table.verify-short.img'
CASE 'shell-table.verify-short.img'
CASE 'image.inspect-missing.img'
CASE 'gui-image.inspect-missing.img'
CASE 'tui-image.inspect-missing.img'
CASE 'shell-image.inspect-missing.img'
CASE 'product-ignores-test-gate'
CASE 'stdio-wait-slot-late'
CASE 'gui-image-late-isolated'
Shared image commands PASS 126
<end of output>
Test time =  18.21 sec
----------------------------------------------------------
Test Passed.
"image.shared_commands" end time: Oct 10 00:24 AUS Eastern Daylight Time
"image.shared_commands" time elapsed: 00:00:18
----------------------------------------------------------

32/71 Testing: image.file_capture
32/71 Test: image.file_capture
Command: "D:/Projects/DiskEd/disked/.aide-local/venv/Scripts/python.exe" "D:/Projects/DiskEd/disked/.aide-local/goal-0.1.0/clean-image-observation-992b2d0a/tests/frontend/test_image_file_capture.py" "--probe" "D:/Projects/DiskEd/disked/.aide-local/goal-0.1.0/clean-image-observation-992b2d0a/build/windows-bootstrap/Release/image_file_capture_probe.exe" "--fault" "D:/Projects/DiskEd/disked/.aide-local/goal-0.1.0/clean-image-observation-992b2d0a/build/windows-bootstrap/Release/image_file_capture_fault.exe" "--map-probe" "D:/Projects/DiskEd/disked/.aide-local/goal-0.1.0/clean-image-observation-992b2d0a/build/windows-bootstrap/Release/image_observation_probe.exe"
Directory: D:/Projects/DiskEd/disked/.aide-local/goal-0.1.0/clean-image-observation-992b2d0a/build/windows-bootstrap
"image.file_capture" start time: Oct 10 00:24 AUS Eastern Daylight Time
Output:
----------------------------------------------------------
CASE 'mbr-empty'
CASE 'mbr-two'
CASE 'mbr-overlap'
CASE 'mbr-outside'
CASE 'mbr-zero-type'
CASE 'mbr-boot-byte'
CASE 'mbr-signature'
CASE 'mbr-truncated'
CASE 'ebr-two'
CASE 'ebr-cycle'
CASE 'ebr-overlap'
CASE 'ebr-signature'
CASE 'ebr-unavailable'
CASE 'gpt-valid'
CASE 'gpt-0-header-crc'
CASE 'gpt-0-array-crc'
CASE 'gpt-0-reserved'
CASE 'gpt-0-range'
CASE 'gpt-0-duplicate'
CASE 'gpt-0-overlap'
CASE 'gpt-0-utf16'
CASE 'gpt-0-attributes'
CASE 'gpt-1-header-crc'
CASE 'gpt-1-array-crc'
CASE 'gpt-1-reserved'
CASE 'gpt-1-range'
CASE 'gpt-1-duplicate'
CASE 'gpt-1-overlap'
CASE 'gpt-1-utf16'
CASE 'gpt-1-attributes'
CASE 'gpt-valid-disagreement'
CASE 'gpt-guid-disagreement'
CASE 'gpt-both-crc'
CASE 'gpt-primary-signature'
CASE 'gpt-short-backup'
CASE 'length-0'
CASE 'length-1'
CASE 'length-445'
CASE 'length-446'
CASE 'length-447'
CASE 'length-461'
CASE 'length-462'
CASE 'length-509'
CASE 'length-510'
CASE 'length-511'
CASE 'length-512'
CASE 'length-513'
CASE 'length-1023'
CASE 'length-1024'
CASE 'length-1030'
CASE 'length-1152'
CASE 'length-17407'
CASE 'length-17408'
CASE 'wide-geometry'
CASE '--json'
CASE 'relative-literal-option'
CASE 'duplicate-request-reused'
CASE 'overlapping-regions'
CASE 'overlapping-capture-change'
CASE '\xe9-\U0001f4be'
CASE 'unicode-path'
CASE 'large-sparse-gpt'
CASE 'open-writer'
CASE 'exclusive-reader'
CASE 'hardlink-alias'
CASE 'directory'
CASE 'missing-file'
CASE 'access-denied'
CASE 'reparse-ancestor'
CASE 'reparse-final'
CASE 'fault-read'
CASE 'fault-short'
CASE 'fault-change'
CASE 'fault-verify'
CASE 'fault-metadata'
CASE "path-refusal-'NUL'"
CASE "path-refusal-'NUL .txt'"
CASE "path-refusal-'CON.txt'"
CASE "path-refusal-'PRN'"
CASE "path-refusal-'AUX'"
CASE "path-refusal-'COM1.img'"
CASE "path-refusal-'LPT9.img'"
CASE "path-refusal-'COM\xb9.img'"
CASE "path-refusal-'CONIN$'"
CASE "path-refusal-'CONOUT$'"
CASE "path-refusal-'bad:stream'"
CASE "path-refusal-'bad?name'"
CASE "path-refusal-'bad*name'"
CASE "path-refusal-'bad|name'"
CASE 'path-refusal-\'bad"name\''
CASE "path-refusal-'bad\\x1bname'"
CASE "path-refusal-'bad\\x7fname'"
CASE "path-refusal-'trailing.'"
CASE "path-refusal-'trailing '"
CASE "path-refusal-'C:relative.img'"
CASE "path-refusal-'\\\\rooted.img'"
CASE "path-refusal-'//unavailable-share/image.img'"
CASE "path-refusal-'\\\\\\\\?\\\\C:\\\\sample.img'"
CASE "path-refusal-'xxxxxxxxxxxxxxxxxxxxxxxxxxxxxxxxxxxxxxxxxxxxxxxxxxxxxxxxxxxxxxxxxxxxxxxxxxxxxxxxxxxxxxxxxxxxxxxxxxxxxxxxxxxxxxxxxxxxxxxxxxxxxxxxxxxxxxxxxxxxxxxxxxxxxxxxxxxxxxxxxxxxxxxxxxxxxxxxxxxxxxxxxxxxxxxxxxxxxxxxxxxxxxxxxxxxxxxxxxxxxxxxxxxxxxxxxxxxxxxxx'"
CASE 'unit-refusal-0'
CASE 'unit-refusal-1024'
CASE 'unit-refusal-8192'
CASE 'open-guard-positive-control'
{"passed": true, "cases": 104}
<end of output>
Test time =   3.62 sec
----------------------------------------------------------
Test Passed.
"image.file_capture" end time: Oct 10 00:24 AUS Eastern Daylight Time
"image.file_capture" time elapsed: 00:00:03
----------------------------------------------------------

33/71 Testing: image.map_observation
33/71 Test: image.map_observation
Command: "D:/Projects/DiskEd/disked/.aide-local/venv/Scripts/python.exe" "D:/Projects/DiskEd/disked/.aide-local/goal-0.1.0/clean-image-observation-992b2d0a/tests/frontend/test_image_observation.py" "--probe" "D:/Projects/DiskEd/disked/.aide-local/goal-0.1.0/clean-image-observation-992b2d0a/build/windows-bootstrap/Release/image_observation_probe.exe"
Directory: D:/Projects/DiskEd/disked/.aide-local/goal-0.1.0/clean-image-observation-992b2d0a/build/windows-bootstrap
"image.map_observation" start time: Oct 10 00:24 AUS Eastern Daylight Time
Output:
----------------------------------------------------------
Image map observations PASS: 75
<end of output>
Test time =   1.59 sec
----------------------------------------------------------
Test Passed.
"image.map_observation" end time: Oct 10 00:24 AUS Eastern Daylight Time
"image.map_observation" time elapsed: 00:00:01
----------------------------------------------------------

34/71 Testing: portable.gpt
34/71 Test: portable.gpt
Command: "D:/Projects/DiskEd/disked/.aide-local/venv/Scripts/python.exe" "D:/Projects/DiskEd/disked/.aide-local/goal-0.1.0/clean-image-observation-992b2d0a/tests/property/test_gpt.py" "--probe" "D:/Projects/DiskEd/disked/.aide-local/goal-0.1.0/clean-image-observation-992b2d0a/build/windows-bootstrap/Release/gpt_probe.exe"
Directory: D:/Projects/DiskEd/disked/.aide-local/goal-0.1.0/clean-image-observation-992b2d0a/build/windows-bootstrap
"portable.gpt" start time: Oct 10 00:24 AUS Eastern Daylight Time
Output:
----------------------------------------------------------
test_synthetic_and_encoding_cases (__main__.Gpt.test_synthetic_and_encoding_cases) ... ok

----------------------------------------------------------------------
Ran 1 test in 3.295s

OK
Checked 1022 synthetic GPT/encoding cases.
<end of output>
Test time =   3.45 sec
----------------------------------------------------------
Test Passed.
"portable.gpt" end time: Oct 10 00:25 AUS Eastern Daylight Time
"portable.gpt" time elapsed: 00:00:03
----------------------------------------------------------

35/71 Testing: portable.gpt_guard
35/71 Test: portable.gpt_guard
Command: "D:/Projects/DiskEd/disked/.aide-local/goal-0.1.0/clean-image-observation-992b2d0a/build/windows-bootstrap/Release/gpt_probe.exe" "--guard"
Directory: D:/Projects/DiskEd/disked/.aide-local/goal-0.1.0/clean-image-observation-992b2d0a/build/windows-bootstrap
"portable.gpt_guard" start time: Oct 10 00:25 AUS Eastern Daylight Time
Output:
----------------------------------------------------------
GPT C/C++ linkage and protected header/array boundaries passed.
<end of output>
Test time =   0.02 sec
----------------------------------------------------------
Test Passed.
"portable.gpt_guard" end time: Oct 10 00:25 AUS Eastern Daylight Time
"portable.gpt_guard" time elapsed: 00:00:00
----------------------------------------------------------

36/71 Testing: portable.mbr_ebr
36/71 Test: portable.mbr_ebr
Command: "D:/Projects/DiskEd/disked/.aide-local/venv/Scripts/python.exe" "D:/Projects/DiskEd/disked/.aide-local/goal-0.1.0/clean-image-observation-992b2d0a/tests/property/test_mbr.py" "--probe" "D:/Projects/DiskEd/disked/.aide-local/goal-0.1.0/clean-image-observation-992b2d0a/build/windows-bootstrap/Release/mbr_probe.exe"
Directory: D:/Projects/DiskEd/disked/.aide-local/goal-0.1.0/clean-image-observation-992b2d0a/build/windows-bootstrap
"portable.mbr_ebr" start time: Oct 10 00:25 AUS Eastern Daylight Time
Output:
----------------------------------------------------------
test_constructed_and_mutated_images (__main__.Mbr.test_constructed_and_mutated_images) ... ok

----------------------------------------------------------------------
Ran 1 test in 1.067s

OK
Checked 1296 independently constructed/mutated synthetic image cases.
<end of output>
Test time =   1.21 sec
----------------------------------------------------------
Test Passed.
"portable.mbr_ebr" end time: Oct 10 00:25 AUS Eastern Daylight Time
"portable.mbr_ebr" time elapsed: 00:00:01
----------------------------------------------------------

37/71 Testing: portable.mbr_guard
37/71 Test: portable.mbr_guard
Command: "D:/Projects/DiskEd/disked/.aide-local/goal-0.1.0/clean-image-observation-992b2d0a/build/windows-bootstrap/Release/mbr_probe.exe" "--guard"
Directory: D:/Projects/DiskEd/disked/.aide-local/goal-0.1.0/clean-image-observation-992b2d0a/build/windows-bootstrap
"portable.mbr_guard" start time: Oct 10 00:25 AUS Eastern Daylight Time
Output:
----------------------------------------------------------
C MBR/EBR linkage, immutable pages and 512 truncated boundaries passed.
<end of output>
Test time =   0.02 sec
----------------------------------------------------------
Test Passed.
"portable.mbr_guard" end time: Oct 10 00:25 AUS Eastern Daylight Time
"portable.mbr_guard" time elapsed: 00:00:00
----------------------------------------------------------

38/71 Testing: portable.checked
38/71 Test: portable.checked
Command: "D:/Projects/DiskEd/disked/.aide-local/venv/Scripts/python.exe" "D:/Projects/DiskEd/disked/.aide-local/goal-0.1.0/clean-image-observation-992b2d0a/tests/property/test_primitives.py" "--probe" "D:/Projects/DiskEd/disked/.aide-local/goal-0.1.0/clean-image-observation-992b2d0a/build/windows-bootstrap/Release/portable_probe.exe"
Directory: D:/Projects/DiskEd/disked/.aide-local/goal-0.1.0/clean-image-observation-992b2d0a/build/windows-bootstrap
"portable.checked" start time: Oct 10 00:25 AUS Eastern Daylight Time
Output:
----------------------------------------------------------
test_aliases_and_invalid_internal_objects (__main__.Portable.test_aliases_and_invalid_internal_objects) ... ok
test_bounded_views (__main__.Portable.test_bounded_views) ... ok
test_checked_arithmetic (__main__.Portable.test_checked_arithmetic) ... ok
test_endian_reads_writes (__main__.Portable.test_endian_reads_writes) ... ok
test_extents_and_units (__main__.Portable.test_extents_and_units) ... ok
test_space_geometry_and_overlap (__main__.Portable.test_space_geometry_and_overlap) ... ok

----------------------------------------------------------------------
Ran 6 tests in 0.129s

OK
<end of output>
Test time =   0.31 sec
----------------------------------------------------------
Test Passed.
"portable.checked" end time: Oct 10 00:25 AUS Eastern Daylight Time
"portable.checked" time elapsed: 00:00:00
----------------------------------------------------------

39/71 Testing: portable.c_cpp_linkage
39/71 Test: portable.c_cpp_linkage
Command: "D:/Projects/DiskEd/disked/.aide-local/goal-0.1.0/clean-image-observation-992b2d0a/build/windows-bootstrap/Release/portable_cpp.exe"
Directory: D:/Projects/DiskEd/disked/.aide-local/goal-0.1.0/clean-image-observation-992b2d0a/build/windows-bootstrap
"portable.c_cpp_linkage" start time: Oct 10 00:25 AUS Eastern Daylight Time
Output:
----------------------------------------------------------
C/C++ linkage and actual read-only/no-access page boundaries passed.
<end of output>
Test time =   0.04 sec
----------------------------------------------------------
Test Passed.
"portable.c_cpp_linkage" end time: Oct 10 00:25 AUS Eastern Daylight Time
"portable.c_cpp_linkage" time elapsed: 00:00:00
----------------------------------------------------------

40/71 Testing: operation.watch_reader
40/71 Test: operation.watch_reader
Command: "D:/Projects/DiskEd/disked/.aide-local/venv/Scripts/python.exe" "D:/Projects/DiskEd/disked/.aide-local/goal-0.1.0/clean-image-observation-992b2d0a/tests/operation/test_watch_reader.py" "--probe" "D:/Projects/DiskEd/disked/.aide-local/goal-0.1.0/clean-image-observation-992b2d0a/build/windows-bootstrap/Release/watch_probe.exe"
Directory: D:/Projects/DiskEd/disked/.aide-local/goal-0.1.0/clean-image-observation-992b2d0a/build/windows-bootstrap
"operation.watch_reader" start time: Oct 10 00:25 AUS Eastern Daylight Time
Output:
----------------------------------------------------------
test_extensions_preserved_but_required_features_unknown (__main__.Watch.test_extensions_preserved_but_required_features_unknown) ... ok
test_identity_digest_and_dimensional_contradictions (__main__.Watch.test_identity_digest_and_dimensional_contradictions) ... ok
test_order_duplicates_gap_and_reconnect (__main__.Watch.test_order_duplicates_gap_and_reconnect) ... ok
test_queue_limit_and_close (__main__.Watch.test_queue_limit_and_close) ... ok
test_snapshot_is_explicit_and_then_requires_continuity (__main__.Watch.test_snapshot_is_explicit_and_then_requires_continuity) ... ok

----------------------------------------------------------------------
Ran 5 tests in 0.281s

OK
<end of output>
Test time =   0.42 sec
----------------------------------------------------------
Test Passed.
"operation.watch_reader" end time: Oct 10 00:25 AUS Eastern Daylight Time
"operation.watch_reader" time elapsed: 00:00:00
----------------------------------------------------------

41/71 Testing: resilience.capture
41/71 Test: resilience.capture
Command: "D:/Projects/DiskEd/disked/.aide-local/venv/Scripts/python.exe" "D:/Projects/DiskEd/disked/.aide-local/goal-0.1.0/clean-image-observation-992b2d0a/tests/resilience/test_capture.py" "--probe" "D:/Projects/DiskEd/disked/.aide-local/goal-0.1.0/clean-image-observation-992b2d0a/build/windows-bootstrap/Release/capture_probe.exe"
Directory: D:/Projects/DiskEd/disked/.aide-local/goal-0.1.0/clean-image-observation-992b2d0a/build/windows-bootstrap
"resilience.capture" start time: Oct 10 00:25 AUS Eastern Daylight Time
Output:
----------------------------------------------------------
test_allocation_failures_leave_publication_and_attempt_unchanged (__main__.Capture.test_allocation_failures_leave_publication_and_attempt_unchanged) ... ok
test_combined_source_outcomes_preserve_healthy_observations (__main__.Capture.test_combined_source_outcomes_preserve_healthy_observations) ... ok
test_conflicting_source_and_dangling_edge_do_not_replace_good_data (__main__.Capture.test_conflicting_source_and_dangling_edge_do_not_replace_good_data) ... ok
test_failed_refresh_retains_cached_identity_and_denial (__main__.Capture.test_failed_refresh_retains_cached_identity_and_denial) ... ok
test_retired_ids_still_count_toward_the_identity_budget (__main__.Capture.test_retired_ids_still_count_toward_the_identity_budget) ... ok
test_session_does_not_consume_an_update_before_publication (__main__.Capture.test_session_does_not_consume_an_update_before_publication) ... ok
test_slow_reader_gets_explicit_gap_and_current_snapshot (__main__.Capture.test_slow_reader_gets_explicit_gap_and_current_snapshot) ... ok
test_source_and_aggregate_limits (__main__.Capture.test_source_and_aggregate_limits) ... ok
test_superseded_attempt_retires_without_publishing_or_replacing (__main__.Capture.test_superseded_attempt_retires_without_publishing_or_replacing) ... ok

----------------------------------------------------------------------
Ran 9 tests in 0.350s

OK
<end of output>
Test time =   0.50 sec
----------------------------------------------------------
Test Passed.
"resilience.capture" end time: Oct 10 00:25 AUS Eastern Daylight Time
"resilience.capture" time elapsed: 00:00:00
----------------------------------------------------------

42/71 Testing: resilience.request_channel
42/71 Test: resilience.request_channel
Command: "D:/Projects/DiskEd/disked/.aide-local/venv/Scripts/python.exe" "D:/Projects/DiskEd/disked/.aide-local/goal-0.1.0/clean-image-observation-992b2d0a/tests/resilience/test_request_channel.py" "--probe" "D:/Projects/DiskEd/disked/.aide-local/goal-0.1.0/clean-image-observation-992b2d0a/build/windows-bootstrap/Release/request_channel_probe.exe"
Directory: D:/Projects/DiskEd/disked/.aide-local/goal-0.1.0/clean-image-observation-992b2d0a/build/windows-bootstrap
"resilience.request_channel" start time: Oct 10 00:25 AUS Eastern Daylight Time
Output:
----------------------------------------------------------
.
----------------------------------------------------------------------
Ran 1 test in 0.256s

OK
{"allocation_failure_receipt_preallocated": true, "callback_owned_lifetime": true, "disconnected_owner_ms": 0, "explicit_finite_response_bound": true, "invalid_completions_unknown": 5, "one_call_one_completion": true, "thousand_empty_polls_us": 16, "timed_slot_retained_until_completion": true}
<end of output>
Test time =   0.38 sec
----------------------------------------------------------
Test Passed.
"resilience.request_channel" end time: Oct 10 00:25 AUS Eastern Daylight Time
"resilience.request_channel" time elapsed: 00:00:00
----------------------------------------------------------

43/71 Testing: shell.model
43/71 Test: shell.model
Command: "D:/Projects/DiskEd/disked/.aide-local/venv/Scripts/python.exe" "D:/Projects/DiskEd/disked/.aide-local/goal-0.1.0/clean-image-observation-992b2d0a/tests/interaction/test_shell_model.py" "--probe" "D:/Projects/DiskEd/disked/.aide-local/goal-0.1.0/clean-image-observation-992b2d0a/build/windows-bootstrap/Release/shell_model_probe.exe"
Directory: D:/Projects/DiskEd/disked/.aide-local/goal-0.1.0/clean-image-observation-992b2d0a/build/windows-bootstrap
"shell.model" start time: Oct 10 00:25 AUS Eastern Daylight Time
Output:
----------------------------------------------------------
.............
----------------------------------------------------------------------
Ran 13 tests in 1.211s

OK
<end of output>
Test time =   1.34 sec
----------------------------------------------------------
Test Passed.
"shell.model" end time: Oct 10 00:25 AUS Eastern Daylight Time
"shell.model" time elapsed: 00:00:01
----------------------------------------------------------

44/71 Testing: operation.reducer
44/71 Test: operation.reducer
Command: "D:/Projects/DiskEd/disked/.aide-local/venv/Scripts/python.exe" "D:/Projects/DiskEd/disked/.aide-local/goal-0.1.0/clean-image-observation-992b2d0a/tests/operation/test_reducer.py" "--probe" "D:/Projects/DiskEd/disked/.aide-local/goal-0.1.0/clean-image-observation-992b2d0a/build/windows-bootstrap/Release/operation_reducer_probe.exe"
Directory: D:/Projects/DiskEd/disked/.aide-local/goal-0.1.0/clean-image-observation-992b2d0a/build/windows-bootstrap
"operation.reducer" start time: Oct 10 00:25 AUS Eastern Daylight Time
Output:
----------------------------------------------------------
.........
----------------------------------------------------------------------
Ran 9 tests in 0.573s

OK
<end of output>
Test time =   0.72 sec
----------------------------------------------------------
Test Passed.
"operation.reducer" end time: Oct 10 00:25 AUS Eastern Daylight Time
"operation.reducer" time elapsed: 00:00:00
----------------------------------------------------------

45/71 Testing: frontend.gui_model
45/71 Test: frontend.gui_model
Command: "D:/Projects/DiskEd/disked/.aide-local/venv/Scripts/python.exe" "D:/Projects/DiskEd/disked/.aide-local/goal-0.1.0/clean-image-observation-992b2d0a/tests/frontend/test_gui_model.py" "--probe" "D:/Projects/DiskEd/disked/.aide-local/goal-0.1.0/clean-image-observation-992b2d0a/build/windows-bootstrap/Release/gui_model_probe.exe" "--exe" "D:/Projects/DiskEd/disked/.aide-local/goal-0.1.0/clean-image-observation-992b2d0a/build/windows-bootstrap/Release/disked.exe" "--tui" "D:/Projects/DiskEd/disked/.aide-local/goal-0.1.0/clean-image-observation-992b2d0a/build/windows-bootstrap/Release/tui_model_probe.exe"
Directory: D:/Projects/DiskEd/disked/.aide-local/goal-0.1.0/clean-image-observation-992b2d0a/build/windows-bootstrap
"frontend.gui_model" start time: Oct 10 00:25 AUS Eastern Daylight Time
Output:
----------------------------------------------------------
test_command_availability_and_no_invented_plan (__main__.Model.test_command_availability_and_no_invented_plan) ... ok
test_gui_cli_tui_outcomes_match (__main__.Model.test_gui_cli_tui_outcomes_match) ... ok
test_identity_selection_and_missing_focus_survive_refresh (__main__.Model.test_identity_selection_and_missing_focus_survive_refresh) ... ok
test_invalid_edit_cannot_authorize_old_value (__main__.Model.test_invalid_edit_cannot_authorize_old_value) ... ok
test_review_is_consumed_by_edit_submit_and_new_request (__main__.Model.test_review_is_consumed_by_edit_submit_and_new_request) ... ok
test_stale_review_is_not_rebased_by_refresh (__main__.Model.test_stale_review_is_not_rebased_by_refresh) ... ok
test_two_bounded_responses_remain_renderable_without_losing_current_view (__main__.Model.test_two_bounded_responses_remain_renderable_without_losing_current_view) ... ok
test_watch_optional_fields_and_boolean_review_are_typed (__main__.Model.test_watch_optional_fields_and_boolean_review_are_typed) ... ok

----------------------------------------------------------------------
Ran 8 tests in 0.434s

OK
<end of output>
Test time =   0.58 sec
----------------------------------------------------------
Test Passed.
"frontend.gui_model" end time: Oct 10 00:25 AUS Eastern Daylight Time
"frontend.gui_model" time elapsed: 00:00:00
----------------------------------------------------------

46/71 Testing: frontend.gui_windows
46/71 Test: frontend.gui_windows
Command: "D:/Projects/DiskEd/disked/.aide-local/venv/Scripts/python.exe" "D:/Projects/DiskEd/disked/.aide-local/goal-0.1.0/clean-image-observation-992b2d0a/tests/frontend/test_gui_windows.py" "--exe" "D:/Projects/DiskEd/disked/.aide-local/goal-0.1.0/clean-image-observation-992b2d0a/build/windows-bootstrap/Release/disked.exe" "--guard" "D:/Projects/DiskEd/disked/.aide-local/goal-0.1.0/clean-image-observation-992b2d0a/build/windows-bootstrap/Release/disked_provider_guard.exe" "--unavailable" "D:/Projects/DiskEd/disked/.aide-local/goal-0.1.0/clean-image-observation-992b2d0a/build/windows-bootstrap/Release/disked_gui_unavailable.exe"
Directory: D:/Projects/DiskEd/disked/.aide-local/goal-0.1.0/clean-image-observation-992b2d0a/build/windows-bootstrap
"frontend.gui_windows" start time: Oct 10 00:25 AUS Eastern Daylight Time
Output:
----------------------------------------------------------
test_fake_health_form_matches_protocol_with_explicit_disclosure (__main__.WindowsGui.test_fake_health_form_matches_protocol_with_explicit_disclosure) ... ok
test_forms_require_separate_review_submit_and_match_cli (__main__.WindowsGui.test_forms_require_separate_review_submit_and_match_cli) ... ok
test_keyboard_traversal_and_explicit_navigator_enter (__main__.WindowsGui.test_keyboard_traversal_and_explicit_navigator_enter) ... ok
test_mode_observation_and_setting_refresh (__main__.WindowsGui.test_mode_observation_and_setting_refresh) ... ok
test_native_controls_cached_graph_and_actual_render (__main__.WindowsGui.test_native_controls_cached_graph_and_actual_render) ... ok
test_oversized_insert_and_control_text_cannot_authorize_old_value (__main__.WindowsGui.test_oversized_insert_and_control_text_cannot_authorize_old_value) ... ok
test_resize_keeps_controls_in_client_and_details_complete (__main__.WindowsGui.test_resize_keeps_controls_in_client_and_details_complete) ... ok
test_unavailable_gui_dependency_is_named_and_headless_remains_static (__main__.WindowsGui.test_unavailable_gui_dependency_is_named_and_headless_remains_static) ... ok

----------------------------------------------------------------------
Ran 8 tests in 2.139s

OK
<end of output>
Test time =   2.31 sec
----------------------------------------------------------
Test Passed.
"frontend.gui_windows" end time: Oct 10 00:25 AUS Eastern Daylight Time
"frontend.gui_windows" time elapsed: 00:00:02
----------------------------------------------------------

47/71 Testing: frontend.tui_model
47/71 Test: frontend.tui_model
Command: "D:/Projects/DiskEd/disked/.aide-local/venv/Scripts/python.exe" "D:/Projects/DiskEd/disked/.aide-local/goal-0.1.0/clean-image-observation-992b2d0a/tests/frontend/test_tui_model.py" "--probe" "D:/Projects/DiskEd/disked/.aide-local/goal-0.1.0/clean-image-observation-992b2d0a/build/windows-bootstrap/Release/tui_model_probe.exe" "--exe" "D:/Projects/DiskEd/disked/.aide-local/goal-0.1.0/clean-image-observation-992b2d0a/build/windows-bootstrap/Release/disked.exe"
Directory: D:/Projects/DiskEd/disked/.aide-local/goal-0.1.0/clean-image-observation-992b2d0a/build/windows-bootstrap
"frontend.tui_model" start time: Oct 10 00:25 AUS Eastern Daylight Time
Output:
----------------------------------------------------------
test_command_explorer_availability_and_focus_remain_visible (__main__.Model.test_command_explorer_availability_and_focus_remain_visible) ... ok
test_graph_command_parity_for_both_renderers (__main__.Model.test_graph_command_parity_for_both_renderers) ... ok
test_inspection_and_stable_selection_are_service_results (__main__.Model.test_inspection_and_stable_selection_are_service_results) ... ok
test_linear_output_is_complete_and_small_layout_does_not_change_outcomes (__main__.Model.test_linear_output_is_complete_and_small_layout_does_not_change_outcomes) ... ok
test_orderly_quit_stops_later_actions (__main__.Model.test_orderly_quit_stops_later_actions) ... ok
test_paste_enter_repeat_and_navigation_do_not_submit (__main__.Model.test_paste_enter_repeat_and_navigation_do_not_submit) ... ok
test_staged_review_cannot_silently_rebase (__main__.Model.test_staged_review_cannot_silently_rebase) ... ok
test_typed_unicode_editing_bounds_and_field_navigation (__main__.Model.test_typed_unicode_editing_bounds_and_field_navigation) ... ok

----------------------------------------------------------------------
Ran 8 tests in 0.269s

OK
<end of output>
Test time =   0.41 sec
----------------------------------------------------------
Test Passed.
"frontend.tui_model" end time: Oct 10 00:25 AUS Eastern Daylight Time
"frontend.tui_model" time elapsed: 00:00:00
----------------------------------------------------------

48/71 Testing: frontend.tui_windows
48/71 Test: frontend.tui_windows
Command: "D:/Projects/DiskEd/disked/.aide-local/venv/Scripts/python.exe" "D:/Projects/DiskEd/disked/.aide-local/goal-0.1.0/clean-image-observation-992b2d0a/tests/frontend/test_tui_windows.py" "--exe" "D:/Projects/DiskEd/disked/.aide-local/goal-0.1.0/clean-image-observation-992b2d0a/build/windows-bootstrap/Release/disked.exe" "--guard" "D:/Projects/DiskEd/disked/.aide-local/goal-0.1.0/clean-image-observation-992b2d0a/build/windows-bootstrap/Release/disked_provider_guard.exe" "--fault" "D:/Projects/DiskEd/disked/.aide-local/goal-0.1.0/clean-image-observation-992b2d0a/build/windows-bootstrap/Release/disked_tui_fault.exe" "--root" "D:/Projects/DiskEd/disked/.aide-local/goal-0.1.0/clean-image-observation-992b2d0a"
Directory: D:/Projects/DiskEd/disked/.aide-local/goal-0.1.0/clean-image-observation-992b2d0a/build/windows-bootstrap
"frontend.tui_windows" start time: Oct 10 00:25 AUS Eastern Daylight Time
Output:
----------------------------------------------------------
test_active_buffer_restored_when_stdout_is_another_buffer (__main__.WindowsTui.test_active_buffer_restored_when_stdout_is_another_buffer) ... ok
test_caught_failure_restores_owned_state (__main__.WindowsTui.test_caught_failure_restores_owned_state) ... ok
test_ctrl_c_key_event_restores_caller (__main__.WindowsTui.test_ctrl_c_key_event_restores_caller) ... ok
test_ctrl_c_restores_caller (__main__.WindowsTui.test_ctrl_c_restores_caller) ... ok
test_explicit_linear_inventory (__main__.WindowsTui.test_explicit_linear_inventory) ... ok
test_fake_health_typed_form_and_disclosure (__main__.WindowsTui.test_fake_health_typed_form_and_disclosure) ... ok
test_forced_screen_refuses_small_channel (__main__.WindowsTui.test_forced_screen_refuses_small_channel) ... ok
test_mode_explanation_retains_explicit_linear_preference (__main__.WindowsTui.test_mode_explanation_retains_explicit_linear_preference) ... ok
test_resize_preserves_complete_linear_results (__main__.WindowsTui.test_resize_preserves_complete_linear_results) ... ok
test_screen_navigation_forms_repeat_and_layout_switch (__main__.WindowsTui.test_screen_navigation_forms_repeat_and_layout_switch) ... ok
test_small_terminal_auto_linear (__main__.WindowsTui.test_small_terminal_auto_linear) ... ok
test_startup_terminal_capabilities_are_honest_on_pipes (__main__.WindowsTui.test_startup_terminal_capabilities_are_honest_on_pipes) ... ok
test_typed_form_paste_is_inert_until_explicit_review (__main__.WindowsTui.test_typed_form_paste_is_inert_until_explicit_review) ... ok
test_unavailable_channels_help_and_conflicts_are_static (__main__.WindowsTui.test_unavailable_channels_help_and_conflicts_are_static) ... ok
test_unrelated_mode_change_is_preserved (__main__.WindowsTui.test_unrelated_mode_change_is_preserved) ... ok
test_wrong_input_role_refused_before_provider_initialization (__main__.WindowsTui.test_wrong_input_role_refused_before_provider_initialization) ... ok

----------------------------------------------------------------------
Ran 16 tests in 3.634s

OK
<end of output>
Test time =   3.78 sec
----------------------------------------------------------
Test Passed.
"frontend.tui_windows" end time: Oct 10 00:25 AUS Eastern Daylight Time
"frontend.tui_windows" time elapsed: 00:00:03
----------------------------------------------------------

49/71 Testing: shell.windows
49/71 Test: shell.windows
Command: "D:/Projects/DiskEd/disked/.aide-local/venv/Scripts/python.exe" "D:/Projects/DiskEd/disked/.aide-local/goal-0.1.0/clean-image-observation-992b2d0a/tests/interaction/test_shell_windows.py" "--exe" "D:/Projects/DiskEd/disked/.aide-local/goal-0.1.0/clean-image-observation-992b2d0a/build/windows-bootstrap/Release/disked.exe" "--guard" "D:/Projects/DiskEd/disked/.aide-local/goal-0.1.0/clean-image-observation-992b2d0a/build/windows-bootstrap/Release/disked_provider_guard.exe" "--fault" "D:/Projects/DiskEd/disked/.aide-local/goal-0.1.0/clean-image-observation-992b2d0a/build/windows-bootstrap/Release/disked_tui_fault.exe" "--root" "D:/Projects/DiskEd/disked/.aide-local/goal-0.1.0/clean-image-observation-992b2d0a"
Directory: D:/Projects/DiskEd/disked/.aide-local/goal-0.1.0/clean-image-observation-992b2d0a/build/windows-bootstrap
"shell.windows" start time: Oct 10 00:25 AUS Eastern Daylight Time
Output:
----------------------------------------------------------
test_active_mode_explanation (__main__.ShellConsole.test_active_mode_explanation) ... ok
test_ctrl_c_restoration (__main__.ShellConsole.test_ctrl_c_restoration) ... ok
test_ctrl_key_restoration (__main__.ShellConsole.test_ctrl_key_restoration) ... ok
test_failure_restoration (__main__.ShellConsole.test_failure_restoration) ... ok
test_forced_small_refused (__main__.ShellConsole.test_forced_small_refused) ... ok
test_history_opt_in_and_quit (__main__.ShellConsole.test_history_opt_in_and_quit) ... ok
test_linear_correction_completion_alias_and_inert_enter (__main__.ShellConsole.test_linear_correction_completion_alias_and_inert_enter) ... ok
test_native_unicode_events_and_editing (__main__.ShellConsole.test_native_unicode_events_and_editing) ... ok
test_resize_to_linear (__main__.ShellConsole.test_resize_to_linear) ... ok
test_screen_navigation_review_repeat_and_layout (__main__.ShellConsole.test_screen_navigation_review_repeat_and_layout) ... ok
test_shell_close_preserves_dispatched_worker (__main__.ShellConsole.test_shell_close_preserves_dispatched_worker) ... ok
test_small_auto_linear (__main__.ShellConsole.test_small_auto_linear) ... ok
test_static_entry_help_conflicts_and_channels (__main__.ShellConsole.test_static_entry_help_conflicts_and_channels) ... ok
test_unrelated_console_mode_preserved (__main__.ShellConsole.test_unrelated_console_mode_preserved) ... ok
test_wrong_input_before_provider_initialization (__main__.ShellConsole.test_wrong_input_before_provider_initialization) ... ok

----------------------------------------------------------------------
Ran 15 tests in 6.409s

OK
<end of output>
Test time =   6.55 sec
----------------------------------------------------------
Test Passed.
"shell.windows" end time: Oct 10 00:25 AUS Eastern Daylight Time
"shell.windows" time elapsed: 00:00:06
----------------------------------------------------------

50/71 Testing: frontend.service
50/71 Test: frontend.service
Command: "D:/Projects/DiskEd/disked/.aide-local/venv/Scripts/python.exe" "D:/Projects/DiskEd/disked/.aide-local/goal-0.1.0/clean-image-observation-992b2d0a/tests/frontend/test_service.py" "--probe" "D:/Projects/DiskEd/disked/.aide-local/goal-0.1.0/clean-image-observation-992b2d0a/build/windows-bootstrap/Release/frontend_service_probe.exe"
Directory: D:/Projects/DiskEd/disked/.aide-local/goal-0.1.0/clean-image-observation-992b2d0a/build/windows-bootstrap
"frontend.service" start time: Oct 10 00:25 AUS Eastern Daylight Time
Output:
----------------------------------------------------------
test_cached_observations_and_capability_denials (__main__.Service.test_cached_observations_and_capability_denials) ... ok
test_display_escapes_without_losing_original_values (__main__.Service.test_display_escapes_without_losing_original_values) ... ok
test_initial_partial_graph_cycles_clones_and_revision (__main__.Service.test_initial_partial_graph_cycles_clones_and_revision) ... ok
test_invalid_refresh_does_not_publish_or_lose_selection (__main__.Service.test_invalid_refresh_does_not_publish_or_lose_selection) ... ok
test_retained_snapshot_refresh_epoch_and_stale_actions (__main__.Service.test_retained_snapshot_refresh_epoch_and_stale_actions) ... ok
test_retired_identity_cannot_be_reused_and_history_is_bounded (__main__.Service.test_retired_identity_cannot_be_reused_and_history_is_bounded) ... ok
test_selection_survives_reorder_removal_and_replacement (__main__.Service.test_selection_survives_reorder_removal_and_replacement) ... ok
test_sha256_vectors_padding_boundaries_and_random_values (__main__.Service.test_sha256_vectors_padding_boundaries_and_random_values) ... ok
test_total_graph_bytes_are_bounded_before_publication (__main__.Service.test_total_graph_bytes_are_bounded_before_publication) ... ok

----------------------------------------------------------------------
Ran 9 tests in 0.234s

OK
<end of output>
Test time =   0.37 sec
----------------------------------------------------------
Test Passed.
"frontend.service" end time: Oct 10 00:25 AUS Eastern Daylight Time
"frontend.service" time elapsed: 00:00:00
----------------------------------------------------------

51/71 Testing: frontend.transport
51/71 Test: frontend.transport
Command: "D:/Projects/DiskEd/disked/.aide-local/venv/Scripts/python.exe" "D:/Projects/DiskEd/disked/.aide-local/goal-0.1.0/clean-image-observation-992b2d0a/tests/frontend/test_transport.py" "--exe" "D:/Projects/DiskEd/disked/.aide-local/goal-0.1.0/clean-image-observation-992b2d0a/build/windows-bootstrap/Release/disked.exe" "--guard" "D:/Projects/DiskEd/disked/.aide-local/goal-0.1.0/clean-image-observation-992b2d0a/build/windows-bootstrap/Release/disked_provider_guard.exe" "--probe" "D:/Projects/DiskEd/disked/.aide-local/goal-0.1.0/clean-image-observation-992b2d0a/build/windows-bootstrap/Release/frontend_service_probe.exe" "--root" "D:/Projects/DiskEd/disked/.aide-local/goal-0.1.0/clean-image-observation-992b2d0a"
Directory: D:/Projects/DiskEd/disked/.aide-local/goal-0.1.0/clean-image-observation-992b2d0a/build/windows-bootstrap
"frontend.transport" start time: Oct 10 00:25 AUS Eastern Daylight Time
Output:
----------------------------------------------------------
test_bad_arguments_and_envelopes_do_not_initialize_provider (__main__.Transport.test_bad_arguments_and_envelopes_do_not_initialize_provider) ... ok
test_direct_and_transport_refusals_match (__main__.Transport.test_direct_and_transport_refusals_match) ... ok
test_direct_argv_and_transport_share_results (__main__.Transport.test_direct_argv_and_transport_share_results) ... ok
test_revisions_refusals_and_ndjson_session_continue (__main__.Transport.test_revisions_refusals_and_ndjson_session_continue) ... ok
test_terminal_view_is_lossless_ascii_and_machine_preserves_utf8 (__main__.Transport.test_terminal_view_is_lossless_ascii_and_machine_preserves_utf8) ... ok
test_unknown_targets_not_resolved_by_alias_or_row_and_no_mutation (__main__.Transport.test_unknown_targets_not_resolved_by_alias_or_row_and_no_mutation) ... ok

----------------------------------------------------------------------
Ran 6 tests in 1.093s

OK
<end of output>
Test time =   1.23 sec
----------------------------------------------------------
Test Passed.
"frontend.transport" end time: Oct 10 00:25 AUS Eastern Daylight Time
"frontend.transport" time elapsed: 00:00:01
----------------------------------------------------------

52/71 Testing: invocation.policy
52/71 Test: invocation.policy
Command: "D:/Projects/DiskEd/disked/.aide-local/venv/Scripts/python.exe" "D:/Projects/DiskEd/disked/.aide-local/goal-0.1.0/clean-image-observation-992b2d0a/tests/invocation/test_policy.py" "--exe" "D:/Projects/DiskEd/disked/.aide-local/goal-0.1.0/clean-image-observation-992b2d0a/build/windows-bootstrap/Release/invocation_policy_probe.exe" "--root" "D:/Projects/DiskEd/disked/.aide-local/goal-0.1.0/clean-image-observation-992b2d0a"
Directory: D:/Projects/DiskEd/disked/.aide-local/goal-0.1.0/clean-image-observation-992b2d0a/build/windows-bootstrap
"invocation.policy" start time: Oct 10 00:25 AUS Eastern Daylight Time
Output:
----------------------------------------------------------
test_absence_is_not_redirection_and_prompt_channels_are_explicit (__main__.Policy.test_absence_is_not_redirection_and_prompt_channels_are_explicit) ... ok
test_all_canonical_fixtures (__main__.Policy.test_all_canonical_fixtures) ... ok
test_oracle_cross_product (__main__.Policy.test_oracle_cross_product) ... ok

----------------------------------------------------------------------
Ran 3 tests in 5.406s

OK
Native policy fixtures: 29
Native/oracle routing combinations: 270
<end of output>
Test time =   5.54 sec
----------------------------------------------------------
Test Passed.
"invocation.policy" end time: Oct 10 00:25 AUS Eastern Daylight Time
"invocation.policy" time elapsed: 00:00:05
----------------------------------------------------------

53/71 Testing: protocol.compatible_reader
53/71 Test: protocol.compatible_reader
Command: "D:/Projects/DiskEd/disked/.aide-local/venv/Scripts/python.exe" "D:/Projects/DiskEd/disked/.aide-local/goal-0.1.0/clean-image-observation-992b2d0a/tests/contracts/test_reader.py" "--exe" "D:/Projects/DiskEd/disked/.aide-local/goal-0.1.0/clean-image-observation-992b2d0a/build/windows-bootstrap/Release/protocol_reader_probe.exe"
Directory: D:/Projects/DiskEd/disked/.aide-local/goal-0.1.0/clean-image-observation-992b2d0a/build/windows-bootstrap
"protocol.compatible_reader" start time: Oct 10 00:25 AUS Eastern Daylight Time
Output:
----------------------------------------------------------
test_diagnostics_are_structural_and_not_message_parsing (__main__.Reader.test_diagnostics_are_structural_and_not_message_parsing) ... ok
test_extensions_preserved_and_required_features_refused (__main__.Reader.test_extensions_preserved_and_required_features_refused) ... ok
test_status_identity_relationship_and_exit_outcomes (__main__.Reader.test_status_identity_relationship_and_exit_outcomes) ... ok
test_unknown_and_missing_known_fields (__main__.Reader.test_unknown_and_missing_known_fields) ... ok

----------------------------------------------------------------------
Ran 4 tests in 0.613s

OK
<end of output>
Test time =   0.75 sec
----------------------------------------------------------
Test Passed.
"protocol.compatible_reader" end time: Oct 10 00:25 AUS Eastern Daylight Time
"protocol.compatible_reader" time elapsed: 00:00:00
----------------------------------------------------------

54/71 Testing: command.syntax
54/71 Test: command.syntax
Command: "D:/Projects/DiskEd/disked/.aide-local/venv/Scripts/python.exe" "D:/Projects/DiskEd/disked/.aide-local/goal-0.1.0/clean-image-observation-992b2d0a/tests/contracts/test_parser.py" "--exe" "D:/Projects/DiskEd/disked/.aide-local/goal-0.1.0/clean-image-observation-992b2d0a/build/windows-bootstrap/Release/command_parser_probe.exe" "--root" "D:/Projects/DiskEd/disked/.aide-local/goal-0.1.0/clean-image-observation-992b2d0a"
Directory: D:/Projects/DiskEd/disked/.aide-local/goal-0.1.0/clean-image-observation-992b2d0a/build/windows-bootstrap
"command.syntax" start time: Oct 10 00:25 AUS Eastern Daylight Time
Output:
----------------------------------------------------------
test_all_conflict_orders_are_refused (__main__.Parser.test_all_conflict_orders_are_refused) ... ok
test_bounds_and_parameter_error_location (__main__.Parser.test_bounds_and_parameter_error_location) ... ok
test_global_option_group_placement (__main__.Parser.test_global_option_group_placement) ... ok
test_literal_and_consumed_values_are_not_reinterpreted (__main__.Parser.test_literal_and_consumed_values_are_not_reinterpreted) ... ok
test_quantity_boundaries_and_no_float_rounding (__main__.Parser.test_quantity_boundaries_and_no_float_rounding) ... ok
test_shared_syntax_corpus (__main__.Parser.test_shared_syntax_corpus) ... ok
test_static_completion_never_changes_execution_rules (__main__.Parser.test_static_completion_never_changes_execution_rules) ... ok

----------------------------------------------------------------------
Ran 7 tests in 9.914s

OK
Executed canonical native syntax vectors: 95
<end of output>
Test time =  10.08 sec
----------------------------------------------------------
Test Passed.
"command.syntax" end time: Oct 10 00:25 AUS Eastern Daylight Time
"command.syntax" time elapsed: 00:00:10
----------------------------------------------------------

55/71 Testing: protocol.json_codec
55/71 Test: protocol.json_codec
Command: "D:/Projects/DiskEd/disked/.aide-local/venv/Scripts/python.exe" "D:/Projects/DiskEd/disked/.aide-local/goal-0.1.0/clean-image-observation-992b2d0a/tests/contracts/test_json.py" "--exe" "D:/Projects/DiskEd/disked/.aide-local/goal-0.1.0/clean-image-observation-992b2d0a/build/windows-bootstrap/Release/json_codec_probe.exe"
Directory: D:/Projects/DiskEd/disked/.aide-local/goal-0.1.0/clean-image-observation-992b2d0a/build/windows-bootstrap
"protocol.json_codec" start time: Oct 10 00:25 AUS Eastern Daylight Time
Output:
----------------------------------------------------------
test_deterministic_differential_corpus (__main__.JsonCodec.test_deterministic_differential_corpus) ... ok
test_exact_resource_boundaries (__main__.JsonCodec.test_exact_resource_boundaries) ... ok
test_invalid_json_and_duplicate_decoded_keys (__main__.JsonCodec.test_invalid_json_and_duplicate_decoded_keys) ... ok
test_primitives_unicode_and_exact_integer_lexemes (__main__.JsonCodec.test_primitives_unicode_and_exact_integer_lexemes) ... ok
test_utf8_and_surrogate_rejection (__main__.JsonCodec.test_utf8_and_surrogate_rejection) ... ok

----------------------------------------------------------------------
Ran 5 tests in 2.706s

OK
<end of output>
Test time =   2.84 sec
----------------------------------------------------------
Test Passed.
"protocol.json_codec" end time: Oct 10 00:25 AUS Eastern Daylight Time
"protocol.json_codec" time elapsed: 00:00:02
----------------------------------------------------------

56/71 Testing: operation.watch
56/71 Test: operation.watch
Command: "D:/Projects/DiskEd/disked/.aide-local/venv/Scripts/python.exe" "D:/Projects/DiskEd/disked/.aide-local/goal-0.1.0/clean-image-observation-992b2d0a/tests/operation/test_watch.py" "--exe" "D:/Projects/DiskEd/disked/.aide-local/goal-0.1.0/clean-image-observation-992b2d0a/build/windows-bootstrap/Release/disked.exe" "--delayed" "D:/Projects/DiskEd/disked/.aide-local/goal-0.1.0/clean-image-observation-992b2d0a/build/windows-bootstrap/Release/disked_file_wait.exe"
Directory: D:/Projects/DiskEd/disked/.aide-local/goal-0.1.0/clean-image-observation-992b2d0a/build/windows-bootstrap
"operation.watch" start time: Oct 10 00:25 AUS Eastern Daylight Time
Output:
----------------------------------------------------------
test_checkpoint_cancellation_is_reported_as_observed_truth (__main__.Watch.test_checkpoint_cancellation_is_reported_as_observed_truth) ... ok
test_client_disconnect_and_slow_output_do_not_cancel_or_restart (__main__.Watch.test_client_disconnect_and_slow_output_do_not_cancel_or_restart) ... ok
test_console_watch_preserves_cached_navigation_and_input (__main__.Watch.test_console_watch_preserves_cached_navigation_and_input) ... ok
test_follow_boundary_and_unknown_history (__main__.Watch.test_follow_boundary_and_unknown_history) ... ok
test_gui_watch_keeps_cached_views_and_reports_late_result (__main__.Watch.test_gui_watch_keeps_cached_views_and_reports_late_result) ... ok
test_live_cli_events_precede_completion_and_reconnect_without_replay (__main__.Watch.test_live_cli_events_precede_completion_and_reconnect_without_replay) ... ok
test_negotiation_preserves_one_response_and_correlates_stream (__main__.Watch.test_negotiation_preserves_one_response_and_correlates_stream) ... ok
test_snapshot_and_cursor_refusals_preserve_store (__main__.Watch.test_snapshot_and_cursor_refusals_preserve_store) ... ok
test_timed_out_observer_emits_no_late_frames_and_retains_callback_slot (__main__.Watch.test_timed_out_observer_emits_no_late_frames_and_retains_callback_slot) ... ok
test_worker_outcomes_are_not_observer_success (__main__.Watch.test_worker_outcomes_are_not_observer_success) ... ok

----------------------------------------------------------------------
Ran 10 tests in 30.815s

OK
<end of output>
Test time =  30.99 sec
----------------------------------------------------------
Test Passed.
"operation.watch" end time: Oct 10 00:26 AUS Eastern Daylight Time
"operation.watch" time elapsed: 00:00:30
----------------------------------------------------------

57/71 Testing: resilience.capture_campaign
57/71 Test: resilience.capture_campaign
Command: "D:/Projects/DiskEd/disked/.aide-local/venv/Scripts/python.exe" "D:/Projects/DiskEd/disked/.aide-local/goal-0.1.0/clean-image-observation-992b2d0a/tests/resilience/test_capture_campaign.py" "--exe" "D:/Projects/DiskEd/disked/.aide-local/goal-0.1.0/clean-image-observation-992b2d0a/build/windows-bootstrap/Release/disked.exe" "--campaign" "D:/Projects/DiskEd/disked/.aide-local/goal-0.1.0/clean-image-observation-992b2d0a/build/windows-bootstrap/Release/disked_capture_campaign.exe"
Directory: D:/Projects/DiskEd/disked/.aide-local/goal-0.1.0/clean-image-observation-992b2d0a/build/windows-bootstrap
"resilience.capture_campaign" start time: Oct 10 00:26 AUS Eastern Daylight Time
Output:
----------------------------------------------------------
test_console_frontends_keep_cached_navigation_and_shell_input (__main__.Campaign.test_console_frontends_keep_cached_navigation_and_shell_input) ... ok
test_essential_commands_do_not_start_campaign_and_product_has_no_test_role (__main__.Campaign.test_essential_commands_do_not_start_campaign_and_product_has_no_test_role) ... ok
test_gui_preserves_staged_revision_and_healthy_selection (__main__.Campaign.test_gui_preserves_staged_revision_and_healthy_selection) ... ok
test_protocol_retains_failures_freshness_and_late_success (__main__.Campaign.test_protocol_retains_failures_freshness_and_late_success) ... ok

----------------------------------------------------------------------
Ran 4 tests in 11.325s

OK
<end of output>
Test time =  11.47 sec
----------------------------------------------------------
Test Passed.
"resilience.capture_campaign" end time: Oct 10 00:26 AUS Eastern Daylight Time
"resilience.capture_campaign" time elapsed: 00:00:11
----------------------------------------------------------

58/71 Testing: resilience.frontend_memory
58/71 Test: resilience.frontend_memory
Command: "D:/Projects/DiskEd/disked/.aide-local/venv/Scripts/python.exe" "D:/Projects/DiskEd/disked/.aide-local/goal-0.1.0/clean-image-observation-992b2d0a/tests/resilience/test_frontend_memory.py" "--exe" "D:/Projects/DiskEd/disked/.aide-local/goal-0.1.0/clean-image-observation-992b2d0a/build/windows-bootstrap/Release/disked.exe" "--fault" "D:/Projects/DiskEd/disked/.aide-local/goal-0.1.0/clean-image-observation-992b2d0a/build/windows-bootstrap/Release/disked_memory_test.exe"
Directory: D:/Projects/DiskEd/disked/.aide-local/goal-0.1.0/clean-image-observation-992b2d0a/build/windows-bootstrap
"resilience.frontend_memory" start time: Oct 10 00:26 AUS Eastern Daylight Time
Output:
----------------------------------------------------------
test_256_protocol_requests_share_one_bounded_frontend (__main__.FrontendMemory.test_256_protocol_requests_share_one_bounded_frontend) ... ok
test_actual_commit_denial_and_stricter_inherited_budget (__main__.FrontendMemory.test_actual_commit_denial_and_stricter_inherited_budget) ... ok
test_existing_mismatch_is_not_rewritten (__main__.FrontendMemory.test_existing_mismatch_is_not_rewritten) ... ok
test_host_ui_restriction_is_preserved_when_nesting_succeeds (__main__.FrontendMemory.test_host_ui_restriction_is_preserved_when_nesting_succeeds) ... ok
test_incompatible_host_hierarchies_refuse_without_weakening (__main__.FrontendMemory.test_incompatible_host_hierarchies_refuse_without_weakening) ... ok
test_initialization_contention_is_bounded (__main__.FrontendMemory.test_initialization_contention_is_bounded) ... ok
test_product_ignores_private_allocation_control (__main__.FrontendMemory.test_product_ignores_private_allocation_control) ... ok
test_repeated_console_workloads_restore_caller (__main__.FrontendMemory.test_repeated_console_workloads_restore_caller) ... ok
test_repeated_gui_workload (__main__.FrontendMemory.test_repeated_gui_workload) ... ok

----------------------------------------------------------------------
Ran 9 tests in 6.867s

OK
<end of output>
Test time =   7.02 sec
----------------------------------------------------------
Test Passed.
"resilience.frontend_memory" end time: Oct 10 00:26 AUS Eastern Daylight Time
"resilience.frontend_memory" time elapsed: 00:00:07
----------------------------------------------------------

59/71 Testing: resilience.store_failures
59/71 Test: resilience.store_failures
Command: "D:/Projects/DiskEd/disked/.aide-local/venv/Scripts/python.exe" "D:/Projects/DiskEd/disked/.aide-local/goal-0.1.0/clean-image-observation-992b2d0a/tests/resilience/test_store_failures.py" "--exe" "D:/Projects/DiskEd/disked/.aide-local/goal-0.1.0/clean-image-observation-992b2d0a/build/windows-bootstrap/Release/disked.exe" "--fault" "D:/Projects/DiskEd/disked/.aide-local/goal-0.1.0/clean-image-observation-992b2d0a/build/windows-bootstrap/Release/disked_store_fault.exe"
Directory: D:/Projects/DiskEd/disked/.aide-local/goal-0.1.0/clean-image-observation-992b2d0a/build/windows-bootstrap
"resilience.store_failures" start time: Oct 10 00:26 AUS Eastern Daylight Time
Output:
----------------------------------------------------------
test_cached_observations_continue_after_failed_claim_in_same_stream (__main__.Failures.test_cached_observations_continue_after_failed_claim_in_same_stream) ... ok
test_cancel_write_failure_preserves_identity_and_possible_observation (__main__.Failures.test_cancel_write_failure_preserves_identity_and_possible_observation) ... ok
test_created_claim_write_failure_remains_unknown_and_is_not_retried (__main__.Failures.test_created_claim_write_failure_remains_unknown_and_is_not_retried) ... ok
test_initial_flag_failure_retains_claim_without_spawning_worker (__main__.Failures.test_initial_flag_failure_retains_claim_without_spawning_worker) ... ok
test_post_creation_validation_failure_preserves_unknown_claim (__main__.Failures.test_post_creation_validation_failure_preserves_unknown_claim) ... ok
test_product_does_not_read_test_injection_control (__main__.Failures.test_product_does_not_read_test_injection_control) ... ok
test_record_failure_stops_transitions_without_replaying_effects (__main__.Failures.test_record_failure_stops_transitions_without_replaying_effects) ... ok

----------------------------------------------------------------------
Ran 7 tests in 16.597s

OK
<end of output>
Test time =  16.75 sec
----------------------------------------------------------
Test Passed.
"resilience.store_failures" end time: Oct 10 00:26 AUS Eastern Daylight Time
"resilience.store_failures" time elapsed: 00:00:16
----------------------------------------------------------

60/71 Testing: resilience.request_waiting
60/71 Test: resilience.request_waiting
Command: "D:/Projects/DiskEd/disked/.aide-local/venv/Scripts/python.exe" "D:/Projects/DiskEd/disked/.aide-local/goal-0.1.0/clean-image-observation-992b2d0a/tests/resilience/test_request_waiting.py" "--exe" "D:/Projects/DiskEd/disked/.aide-local/goal-0.1.0/clean-image-observation-992b2d0a/build/windows-bootstrap/Release/disked.exe" "--fault" "D:/Projects/DiskEd/disked/.aide-local/goal-0.1.0/clean-image-observation-992b2d0a/build/windows-bootstrap/Release/disked_file_wait.exe"
Directory: D:/Projects/DiskEd/disked/.aide-local/goal-0.1.0/clean-image-observation-992b2d0a/build/windows-bootstrap
"resilience.request_waiting" start time: Oct 10 00:26 AUS Eastern Daylight Time
Output:
----------------------------------------------------------
test_cli_returns_unknown_and_retains_one_original_operation (__main__.Waiting.test_cli_returns_unknown_and_retains_one_original_operation) ... ok
test_known_operation_identity_survives_inspection_timeout (__main__.Waiting.test_known_operation_identity_survives_inspection_timeout) ... ok
test_stdio_cached_requests_continue_busy_calls_refuse_and_late_reply_is_not_reissued (__main__.Waiting.test_stdio_cached_requests_continue_busy_calls_refuse_and_late_reply_is_not_reissued) ... ok

----------------------------------------------------------------------
Ran 3 tests in 19.410s

OK
<end of output>
Test time =  19.55 sec
----------------------------------------------------------
Test Passed.
"resilience.request_waiting" end time: Oct 10 00:27 AUS Eastern Daylight Time
"resilience.request_waiting" time elapsed: 00:00:19
----------------------------------------------------------

61/71 Testing: resilience.output_waiting
61/71 Test: resilience.output_waiting
Command: "D:/Projects/DiskEd/disked/.aide-local/venv/Scripts/python.exe" "D:/Projects/DiskEd/disked/.aide-local/goal-0.1.0/clean-image-observation-992b2d0a/tests/resilience/test_output_waiting.py" "--exe" "D:/Projects/DiskEd/disked/.aide-local/goal-0.1.0/clean-image-observation-992b2d0a/build/windows-bootstrap/Release/disked.exe" "--delayed" "D:/Projects/DiskEd/disked/.aide-local/goal-0.1.0/clean-image-observation-992b2d0a/build/windows-bootstrap/Release/disked_worker_delayed.exe"
Directory: D:/Projects/DiskEd/disked/.aide-local/goal-0.1.0/clean-image-observation-992b2d0a/build/windows-bootstrap
"resilience.output_waiting" start time: Oct 10 00:27 AUS Eastern Daylight Time
Output:
----------------------------------------------------------
test_absent_consumer_reaches_output_deadline (__main__.Output.test_absent_consumer_reaches_output_deadline) ... ok
test_failed_delivery_does_not_cancel_worker_or_dispatch_queued_request (__main__.Output.test_failed_delivery_does_not_cancel_worker_or_dispatch_queued_request) ... ok
test_human_output_is_also_bounded (__main__.Output.test_human_output_is_also_bounded) ... ok
test_partial_record_is_not_followed_by_replacement_or_diagnostic (__main__.Output.test_partial_record_is_not_followed_by_replacement_or_diagnostic) ... ok
test_reader_can_resume_within_budget_without_losing_bytes (__main__.Output.test_reader_can_resume_within_budget_without_losing_bytes) ... ok

----------------------------------------------------------------------
Ran 5 tests in 17.473s

OK
<end of output>
Test time =  17.62 sec
----------------------------------------------------------
Test Passed.
"resilience.output_waiting" end time: Oct 10 00:27 AUS Eastern Daylight Time
"resilience.output_waiting" time elapsed: 00:00:17
----------------------------------------------------------

62/71 Testing: operation.worker
62/71 Test: operation.worker
Command: "D:/Projects/DiskEd/disked/.aide-local/venv/Scripts/python.exe" "D:/Projects/DiskEd/disked/.aide-local/goal-0.1.0/clean-image-observation-992b2d0a/tests/operation/test_worker.py" "--exe" "D:/Projects/DiskEd/disked/.aide-local/goal-0.1.0/clean-image-observation-992b2d0a/build/windows-bootstrap/Release/disked.exe" "--guard" "D:/Projects/DiskEd/disked/.aide-local/goal-0.1.0/clean-image-observation-992b2d0a/build/windows-bootstrap/Release/disked_provider_guard.exe" "--delayed" "D:/Projects/DiskEd/disked/.aide-local/goal-0.1.0/clean-image-observation-992b2d0a/build/windows-bootstrap/Release/disked_worker_delayed.exe"
Directory: D:/Projects/DiskEd/disked/.aide-local/goal-0.1.0/clean-image-observation-992b2d0a/build/windows-bootstrap
"operation.worker" start time: Oct 10 00:27 AUS Eastern Daylight Time
Output:
----------------------------------------------------------
...............
----------------------------------------------------------------------
Ran 15 tests in 20.349s

OK
<end of output>
Test time =  20.51 sec
----------------------------------------------------------
Test Passed.
"operation.worker" end time: Oct 10 00:27 AUS Eastern Daylight Time
"operation.worker" time elapsed: 00:00:20
----------------------------------------------------------

63/71 Testing: resilience.gui_waiting
63/71 Test: resilience.gui_waiting
Command: "D:/Projects/DiskEd/disked/.aide-local/venv/Scripts/python.exe" "D:/Projects/DiskEd/disked/.aide-local/goal-0.1.0/clean-image-observation-992b2d0a/tests/resilience/test_gui_waiting.py" "--exe" "D:/Projects/DiskEd/disked/.aide-local/goal-0.1.0/clean-image-observation-992b2d0a/build/windows-bootstrap/Release/disked.exe" "--delayed" "D:/Projects/DiskEd/disked/.aide-local/goal-0.1.0/clean-image-observation-992b2d0a/build/windows-bootstrap/Release/disked_worker_delayed.exe"
Directory: D:/Projects/DiskEd/disked/.aide-local/goal-0.1.0/clean-image-observation-992b2d0a/build/windows-bootstrap
"resilience.gui_waiting" start time: Oct 10 00:27 AUS Eastern Daylight Time
Output:
----------------------------------------------------------
test_pending_admission_keeps_cached_views_and_does_not_rebase_late_result (__main__.Waiting.test_pending_admission_keeps_cached_views_and_does_not_rebase_late_result) ... ok

----------------------------------------------------------------------
Ran 1 test in 6.168s

OK
<end of output>
Test time =   6.32 sec
----------------------------------------------------------
Test Passed.
"resilience.gui_waiting" end time: Oct 10 00:27 AUS Eastern Daylight Time
"resilience.gui_waiting" time elapsed: 00:00:06
----------------------------------------------------------

64/71 Testing: resilience.console_waiting
64/71 Test: resilience.console_waiting
Command: "D:/Projects/DiskEd/disked/.aide-local/venv/Scripts/python.exe" "D:/Projects/DiskEd/disked/.aide-local/goal-0.1.0/clean-image-observation-992b2d0a/tests/resilience/test_console_waiting.py" "--delayed" "D:/Projects/DiskEd/disked/.aide-local/goal-0.1.0/clean-image-observation-992b2d0a/build/windows-bootstrap/Release/disked_worker_delayed.exe"
Directory: D:/Projects/DiskEd/disked/.aide-local/goal-0.1.0/clean-image-observation-992b2d0a/build/windows-bootstrap
"resilience.console_waiting" start time: Oct 10 00:27 AUS Eastern Daylight Time
Output:
----------------------------------------------------------
test_shell_remains_editable_and_preserves_late_outcome (__main__.ConsoleWaiting.test_shell_remains_editable_and_preserves_late_outcome) ... ok
test_tui_retains_cached_inventory_when_late_outcome_arrives (__main__.ConsoleWaiting.test_tui_retains_cached_inventory_when_late_outcome_arrives) ... ok

----------------------------------------------------------------------
Ran 2 tests in 12.563s

OK
<end of output>
Test time =  12.70 sec
----------------------------------------------------------
Test Passed.
"resilience.console_waiting" end time: Oct 10 00:28 AUS Eastern Daylight Time
"resilience.console_waiting" time elapsed: 00:00:12
----------------------------------------------------------

65/71 Testing: resilience.worker_budget
65/71 Test: resilience.worker_budget
Command: "D:/Projects/DiskEd/disked/.aide-local/venv/Scripts/python.exe" "D:/Projects/DiskEd/disked/.aide-local/goal-0.1.0/clean-image-observation-992b2d0a/tests/resilience/test_worker_budget.py" "--exe" "D:/Projects/DiskEd/disked/.aide-local/goal-0.1.0/clean-image-observation-992b2d0a/build/windows-bootstrap/Release/disked.exe" "--delayed" "D:/Projects/DiskEd/disked/.aide-local/goal-0.1.0/clean-image-observation-992b2d0a/build/windows-bootstrap/Release/disked_worker_delayed.exe" "--memory" "D:/Projects/DiskEd/disked/.aide-local/goal-0.1.0/clean-image-observation-992b2d0a/build/windows-bootstrap/Release/disked_worker_memory_limit.exe"
Directory: D:/Projects/DiskEd/disked/.aide-local/goal-0.1.0/clean-image-observation-992b2d0a/build/windows-bootstrap
"resilience.worker_budget" start time: Oct 10 00:28 AUS Eastern Daylight Time
Output:
----------------------------------------------------------
test_actual_allocation_failure_retains_unresolved_operation (__main__.Budget.test_actual_allocation_failure_retains_unresolved_operation) ... ok
test_four_workers_hold_the_limit_across_disconnected_clients (__main__.Budget.test_four_workers_hold_the_limit_across_disconnected_clients) ... ok

----------------------------------------------------------------------
Ran 2 tests in 8.006s

OK
<end of output>
Test time =   8.15 sec
----------------------------------------------------------
Test Passed.
"resilience.worker_budget" end time: Oct 10 00:28 AUS Eastern Daylight Time
"resilience.worker_budget" time elapsed: 00:00:08
----------------------------------------------------------

66/71 Testing: disked.invocation
66/71 Test: disked.invocation
Command: "D:/Projects/DiskEd/disked/.aide-local/venv/Scripts/python.exe" "D:/Projects/DiskEd/disked/.aide-local/goal-0.1.0/clean-image-observation-992b2d0a/tests/invocation/test_windows.py" "--exe" "D:/Projects/DiskEd/disked/.aide-local/goal-0.1.0/clean-image-observation-992b2d0a/build/windows-bootstrap/Release/disked.exe" "--root" "D:/Projects/DiskEd/disked/.aide-local/goal-0.1.0/clean-image-observation-992b2d0a"
Directory: D:/Projects/DiskEd/disked/.aide-local/goal-0.1.0/clean-image-observation-992b2d0a/build/windows-bootstrap
"disked.invocation" start time: Oct 10 00:28 AUS Eastern Daylight Time
Output:
----------------------------------------------------------
test_cmd_and_powershell_actual_launches (__main__.WindowsInvocation.test_cmd_and_powershell_actual_launches) ... ok
test_inherited_console_preserves_caller_state (__main__.WindowsInvocation.test_inherited_console_preserves_caller_state) ... ok
test_missing_stderr_and_transport_input (__main__.WindowsInvocation.test_missing_stderr_and_transport_input) ... ok
test_pipe_observations_and_utf16_errors (__main__.WindowsInvocation.test_pipe_observations_and_utf16_errors) ... ok
test_standard_handle_absence_and_invalidity (__main__.WindowsInvocation.test_standard_handle_absence_and_invalidity) ... ok

----------------------------------------------------------------------
Ran 5 tests in 1.234s

OK
<end of output>
Test time =   1.37 sec
----------------------------------------------------------
Test Passed.
"disked.invocation" end time: Oct 10 00:28 AUS Eastern Daylight Time
"disked.invocation" time elapsed: 00:00:01
----------------------------------------------------------

67/71 Testing: disked.acceptance
67/71 Test: disked.acceptance
Command: "D:/Projects/DiskEd/disked/.aide-local/venv/Scripts/python.exe" "D:/Projects/DiskEd/disked/.aide-local/goal-0.1.0/clean-image-observation-992b2d0a/tests/native/test_protocol.py" "--exe" "D:/Projects/DiskEd/disked/.aide-local/goal-0.1.0/clean-image-observation-992b2d0a/build/windows-bootstrap/Release/disked.exe" "--root" "D:/Projects/DiskEd/disked/.aide-local/goal-0.1.0/clean-image-observation-992b2d0a" "--identity" "D:/Projects/DiskEd/disked/.aide-local/goal-0.1.0/clean-image-observation-992b2d0a/build/windows-bootstrap/generated/build-identity.json"
Directory: D:/Projects/DiskEd/disked/.aide-local/goal-0.1.0/clean-image-observation-992b2d0a/build/windows-bootstrap
"disked.acceptance" start time: Oct 10 00:28 AUS Eastern Daylight Time
Output:
----------------------------------------------------------
test_broken_output_is_failure (__main__.NativeProtocol.test_broken_output_is_failure) ... ok
test_build_identity_and_machine_aliases (__main__.NativeProtocol.test_build_identity_and_machine_aliases) ... ok
test_discovery_has_exact_registry_and_real_handler_subset (__main__.NativeProtocol.test_discovery_has_exact_registry_and_real_handler_subset) ... ok
test_errors_are_framed_after_complete_parse (__main__.NativeProtocol.test_errors_are_framed_after_complete_parse) ... ok
test_help_every_spelling_and_operand_independence (__main__.NativeProtocol.test_help_every_spelling_and_operand_independence) ... ok
test_malformed_json_and_encoding (__main__.NativeProtocol.test_malformed_json_and_encoding) ... ok
test_mode_inspection_uses_actual_host_in_cli_and_transport (__main__.NativeProtocol.test_mode_inspection_uses_actual_host_in_cli_and_transport) ... ok
test_ndjson_continues_refusals_and_preserves_order (__main__.NativeProtocol.test_ndjson_continues_refusals_and_preserves_order) ... ok
test_ordinary_machine_command_does_not_read_pipeline_as_requests (__main__.NativeProtocol.test_ordinary_machine_command_does_not_read_pipeline_as_requests) ... ok
test_resource_limits_end_stream (__main__.NativeProtocol.test_resource_limits_end_stream) ... ok
test_source_input_closure_and_pe_imports (__main__.NativeProtocol.test_source_input_closure_and_pe_imports) ... ok
test_stream_flushes_before_eof (__main__.NativeProtocol.test_stream_flushes_before_eof) ... ok
test_strict_request_and_correlation (__main__.NativeProtocol.test_strict_request_and_correlation) ... ok
test_unavailable_frontends_and_prompt_channels (__main__.NativeProtocol.test_unavailable_frontends_and_prompt_channels) ... ok
test_wire_byte_and_request_count_limits (__main__.NativeProtocol.test_wire_byte_and_request_count_limits) ... ok

----------------------------------------------------------------------
Ran 15 tests in 2.773s

OK
<end of output>
Test time =   2.91 sec
----------------------------------------------------------
Test Passed.
"disked.acceptance" end time: Oct 10 00:28 AUS Eastern Daylight Time
"disked.acceptance" time elapsed: 00:00:02
----------------------------------------------------------

68/71 Testing: disked_provider_guard.invocation
68/71 Test: disked_provider_guard.invocation
Command: "D:/Projects/DiskEd/disked/.aide-local/venv/Scripts/python.exe" "D:/Projects/DiskEd/disked/.aide-local/goal-0.1.0/clean-image-observation-992b2d0a/tests/invocation/test_windows.py" "--exe" "D:/Projects/DiskEd/disked/.aide-local/goal-0.1.0/clean-image-observation-992b2d0a/build/windows-bootstrap/Release/disked_provider_guard.exe" "--root" "D:/Projects/DiskEd/disked/.aide-local/goal-0.1.0/clean-image-observation-992b2d0a"
Directory: D:/Projects/DiskEd/disked/.aide-local/goal-0.1.0/clean-image-observation-992b2d0a/build/windows-bootstrap
"disked_provider_guard.invocation" start time: Oct 10 00:28 AUS Eastern Daylight Time
Output:
----------------------------------------------------------
test_cmd_and_powershell_actual_launches (__main__.WindowsInvocation.test_cmd_and_powershell_actual_launches) ... ok
test_inherited_console_preserves_caller_state (__main__.WindowsInvocation.test_inherited_console_preserves_caller_state) ... ok
test_missing_stderr_and_transport_input (__main__.WindowsInvocation.test_missing_stderr_and_transport_input) ... ok
test_pipe_observations_and_utf16_errors (__main__.WindowsInvocation.test_pipe_observations_and_utf16_errors) ... ok
test_standard_handle_absence_and_invalidity (__main__.WindowsInvocation.test_standard_handle_absence_and_invalidity) ... ok

----------------------------------------------------------------------
Ran 5 tests in 1.292s

OK
<end of output>
Test time =   1.45 sec
----------------------------------------------------------
Test Passed.
"disked_provider_guard.invocation" end time: Oct 10 00:28 AUS Eastern Daylight Time
"disked_provider_guard.invocation" time elapsed: 00:00:01
----------------------------------------------------------

69/71 Testing: disked_provider_guard.acceptance
69/71 Test: disked_provider_guard.acceptance
Command: "D:/Projects/DiskEd/disked/.aide-local/venv/Scripts/python.exe" "D:/Projects/DiskEd/disked/.aide-local/goal-0.1.0/clean-image-observation-992b2d0a/tests/native/test_protocol.py" "--exe" "D:/Projects/DiskEd/disked/.aide-local/goal-0.1.0/clean-image-observation-992b2d0a/build/windows-bootstrap/Release/disked_provider_guard.exe" "--root" "D:/Projects/DiskEd/disked/.aide-local/goal-0.1.0/clean-image-observation-992b2d0a" "--identity" "D:/Projects/DiskEd/disked/.aide-local/goal-0.1.0/clean-image-observation-992b2d0a/build/windows-bootstrap/generated/build-identity.json"
Directory: D:/Projects/DiskEd/disked/.aide-local/goal-0.1.0/clean-image-observation-992b2d0a/build/windows-bootstrap
"disked_provider_guard.acceptance" start time: Oct 10 00:28 AUS Eastern Daylight Time
Output:
----------------------------------------------------------
test_broken_output_is_failure (__main__.NativeProtocol.test_broken_output_is_failure) ... ok
test_build_identity_and_machine_aliases (__main__.NativeProtocol.test_build_identity_and_machine_aliases) ... ok
test_discovery_has_exact_registry_and_real_handler_subset (__main__.NativeProtocol.test_discovery_has_exact_registry_and_real_handler_subset) ... ok
test_errors_are_framed_after_complete_parse (__main__.NativeProtocol.test_errors_are_framed_after_complete_parse) ... ok
test_help_every_spelling_and_operand_independence (__main__.NativeProtocol.test_help_every_spelling_and_operand_independence) ... ok
test_malformed_json_and_encoding (__main__.NativeProtocol.test_malformed_json_and_encoding) ... ok
test_mode_inspection_uses_actual_host_in_cli_and_transport (__main__.NativeProtocol.test_mode_inspection_uses_actual_host_in_cli_and_transport) ... ok
test_ndjson_continues_refusals_and_preserves_order (__main__.NativeProtocol.test_ndjson_continues_refusals_and_preserves_order) ... ok
test_ordinary_machine_command_does_not_read_pipeline_as_requests (__main__.NativeProtocol.test_ordinary_machine_command_does_not_read_pipeline_as_requests) ... ok
test_resource_limits_end_stream (__main__.NativeProtocol.test_resource_limits_end_stream) ... ok
test_source_input_closure_and_pe_imports (__main__.NativeProtocol.test_source_input_closure_and_pe_imports) ... ok
test_stream_flushes_before_eof (__main__.NativeProtocol.test_stream_flushes_before_eof) ... ok
test_strict_request_and_correlation (__main__.NativeProtocol.test_strict_request_and_correlation) ... ok
test_unavailable_frontends_and_prompt_channels (__main__.NativeProtocol.test_unavailable_frontends_and_prompt_channels) ... ok
test_wire_byte_and_request_count_limits (__main__.NativeProtocol.test_wire_byte_and_request_count_limits) ... ok

----------------------------------------------------------------------
Ran 15 tests in 2.888s

OK
<end of output>
Test time =   3.03 sec
----------------------------------------------------------
Test Passed.
"disked_provider_guard.acceptance" end time: Oct 10 00:28 AUS Eastern Daylight Time
"disked_provider_guard.acceptance" time elapsed: 00:00:03
----------------------------------------------------------

70/71 Testing: provider_guard.positive_control
70/71 Test: provider_guard.positive_control
Command: "D:/Projects/DiskEd/disked/.aide-local/venv/Scripts/python.exe" "D:/Projects/DiskEd/disked/.aide-local/goal-0.1.0/clean-image-observation-992b2d0a/tests/native/test_provider_guard.py" "D:/Projects/DiskEd/disked/.aide-local/goal-0.1.0/clean-image-observation-992b2d0a/build/windows-bootstrap/Release/provider_guard_probe.exe"
Directory: D:/Projects/DiskEd/disked/.aide-local/goal-0.1.0/clean-image-observation-992b2d0a/build/windows-bootstrap
"provider_guard.positive_control" start time: Oct 10 00:28 AUS Eastern Daylight Time
Output:
----------------------------------------------------------
PASS: provider initialization boundary exits 97
<end of output>
Test time =   0.16 sec
----------------------------------------------------------
Test Passed.
"provider_guard.positive_control" end time: Oct 10 00:28 AUS Eastern Daylight Time
"provider_guard.positive_control" time elapsed: 00:00:00
----------------------------------------------------------

71/71 Testing: artifacts.archive_completeness
71/71 Test: artifacts.archive_completeness
Command: "D:/Projects/DiskEd/disked/.aide-local/venv/Scripts/python.exe" "D:/Projects/DiskEd/disked/.aide-local/goal-0.1.0/clean-image-observation-992b2d0a/tests/artifacts/test_artifact_check.py"
Directory: D:/Projects/DiskEd/disked/.aide-local/goal-0.1.0/clean-image-observation-992b2d0a/build/windows-bootstrap
"artifacts.archive_completeness" start time: Oct 10 00:28 AUS Eastern Daylight Time
Output:
----------------------------------------------------------
test_archive_byte_budget_before_reads (__main__.Artifacts.test_archive_byte_budget_before_reads) ... ok
test_archive_link_and_special_types (__main__.Artifacts.test_archive_link_and_special_types) ... ok
test_case_collision (__main__.Artifacts.test_case_collision) ... ok
test_changed_same_size (__main__.Artifacts.test_changed_same_size) ... ok
test_changed_size (__main__.Artifacts.test_changed_size) ... ok
test_cli_complete_flow (__main__.Artifacts.test_cli_complete_flow) ... ok
test_cli_no_clobber_or_inside_staging (__main__.Artifacts.test_cli_no_clobber_or_inside_staging) ... ok
test_compressed_suffix (__main__.Artifacts.test_compressed_suffix) ... ok
test_crc_failure (__main__.Artifacts.test_crc_failure) ... ok
test_data_descriptors (__main__.Artifacts.test_data_descriptors) ... ok
test_deflate_failure (__main__.Artifacts.test_deflate_failure) ... ok
test_descriptor_conflict (__main__.Artifacts.test_descriptor_conflict) ... ok
test_directory_with_data (__main__.Artifacts.test_directory_with_data) ... ok
test_dos_reparse_flag (__main__.Artifacts.test_dos_reparse_flag) ... ok
test_duplicate (__main__.Artifacts.test_duplicate) ... ok
test_empty_optional_file (__main__.Artifacts.test_empty_optional_file) ... ok
test_empty_staging_directory (__main__.Artifacts.test_empty_staging_directory) ... ok
test_encryption_refused (__main__.Artifacts.test_encryption_refused) ... ok
test_extra (__main__.Artifacts.test_extra) ... ok
test_extra_directory (__main__.Artifacts.test_extra_directory) ... ok
test_file_directory_collision (__main__.Artifacts.test_file_directory_collision) ... ok
test_hidden_uncompressed_tail (__main__.Artifacts.test_hidden_uncompressed_tail) ... ok
test_inventory_byte_budget (__main__.Artifacts.test_inventory_byte_budget) ... ok
test_inventory_contract (__main__.Artifacts.test_inventory_contract) ... ok
test_inventory_json_duplicate_key (__main__.Artifacts.test_inventory_json_duplicate_key) ... ok
test_inventory_parent_case_collision (__main__.Artifacts.test_inventory_parent_case_collision) ... ok
test_local_name_conflict (__main__.Artifacts.test_local_name_conflict) ... ok
test_local_zip64_conflict (__main__.Artifacts.test_local_zip64_conflict) ... ok
test_many_output_chunks (__main__.Artifacts.test_many_output_chunks) ... ok
test_matching_deflated (__main__.Artifacts.test_matching_deflated) ... ok
test_matching_stored (__main__.Artifacts.test_matching_stored) ... ok
test_metadata_budget_before_zip_reader (__main__.Artifacts.test_metadata_budget_before_zip_reader) ... ok
test_missing_required (__main__.Artifacts.test_missing_required) ... ok
test_multidisk_refused (__main__.Artifacts.test_multidisk_refused) ... ok
test_optional_expected_directory (__main__.Artifacts.test_optional_expected_directory) ... ok
test_parent_directory_budget (__main__.Artifacts.test_parent_directory_budget) ... ok
test_source_changes_during_read (__main__.Artifacts.test_source_changes_during_read) ... ok
test_source_namespace_refusal (__main__.Artifacts.test_source_namespace_refusal) ... ok
test_staging_budgets (__main__.Artifacts.test_staging_budgets) ... ok
test_staging_hardlink (__main__.Artifacts.test_staging_hardlink) ... ok
test_trailing_archive_bytes (__main__.Artifacts.test_trailing_archive_bytes) ... ok
test_truncated_archive (__main__.Artifacts.test_truncated_archive) ... ok
test_unclaimed_bytes_before_central_directory (__main__.Artifacts.test_unclaimed_bytes_before_central_directory) ... ok
test_unknown_extra_field (__main__.Artifacts.test_unknown_extra_field) ... ok
test_unsafe_names (__main__.Artifacts.test_unsafe_names) ... ok
test_unsigned_data_descriptors (__main__.Artifacts.test_unsigned_data_descriptors) ... ok
test_unsupported_compression (__main__.Artifacts.test_unsupported_compression) ... ok
test_valid_but_empty (__main__.Artifacts.test_valid_but_empty) ... ok
test_zip64_data_descriptors (__main__.Artifacts.test_zip64_data_descriptors) ... ok
test_zip64_end_record (__main__.Artifacts.test_zip64_end_record) ... ok
test_zip64_local_headers (__main__.Artifacts.test_zip64_local_headers) ... ok

----------------------------------------------------------------------
Ran 51 tests in 1.102s

OK
<end of output>
Test time =   1.41 sec
----------------------------------------------------------
Test Passed.
"artifacts.archive_completeness" end time: Oct 10 00:28 AUS Eastern Daylight Time
"artifacts.archive_completeness" time elapsed: 00:00:01
----------------------------------------------------------

End testing: Oct 10 00:28 AUS Eastern Daylight Time
